time,Volume,Vol Snow,Vol Blue Ice,Vol White Ice,Tot Inflow Vol,Tot Outflow Vol,Overflow Vol,Evaporation,Rain,Local Runoff,Snowfall,Lake Level,Surface Area,Blue Ice Thickness,Snow Thickness,Snow Density,White Ice Thickness,Albedo,Max Temp,Min Temp,Surface Temp,Daily Qsw,Daily Qe,Daily Qh,Daily Qlw,Light,Benthic Light,Surface Wave Height,Surface Wave Length,Surface Wave Period,LakeNumber,Max dT/dz,CD,CHE,z/L
2020-05-18 24:00:00,24954.787127,    0.000000,    0.000000,    0.000000,   13.824000,    3.456000,    0.000000,   -2.358416,    0.000000,    0.000000,    0.000000,    9.721443, 5527.811168,    0.000000,    0.000000,    0.000000,    0.000000,    0.065587,    9.579567,    7.303660,    9.521863,    0.000000,  -12.250504,   -0.873960,   34.689611,    0.000000,    0.000000,    0.006591,    0.154420,    0.314490,   25.952973,    0.131011,    0.001500,    0.001000,    0.000000
2020-05-19 24:00:00,24958.403862,    0.000000,    0.000000,    0.000000,   13.824000,    3.456000,    0.000000,   -6.728844,    0.000000,    0.000000,    0.000000,    9.722095, 5528.221108,    0.000000,    0.000000,    0.000000,    0.000000,    0.065350,   13.055906,    7.413472,   13.055906,  143.781310,  -34.882518,   -3.045098,   68.407143, 1230.810476,    0.000000,    0.008389,    0.192866,    0.351466,   18.285220,    0.103266,    0.001500,    0.001000,    0.000000
2020-05-20 24:00:00,24958.802019,    0.000000,    0.000000,    0.000000,   13.824000,    3.456000,    0.000000,   -9.937157,    0.000000,    0.000000,    0.000000,    9.722167, 5528.266237,    0.000000,    0.000000,    0.000000,    0.000000,    0.065118,   16.708367,    7.532214,   16.708367,  255.101850,  -51.244641,    7.695923,   96.275509,  413.976167,    0.000000,    0.019675,    0.415038,    0.515584,    8.867957,    0.094964,    0.001500,    0.001000,    0.000000
2020-05-21 24:00:00,24955.320002,    0.000000,    0.000000,    0.000000,   13.824000,    3.456000,    0.000000,  -13.804195,    0.000000,    0.000000,    0.000000,    9.721539, 5527.871567,    0.000000,    0.000000,    0.000000,    0.000000,    0.064890,   19.719701,    7.604770,   19.719701,  256.113925,  -70.986056,   -0.446061,   80.814811, 1255.917353,    0.000000,    0.019266,    0.407403,    0.510820,   14.219241,    0.094464,    0.001500,    0.001000,    0.000000
2020-05-22 24:00:00,24949.707356,    0.000000,    0.000000,    0.000000,   13.824000,    3.456000,    0.000000,  -15.926306,    0.000000,    0.000000,    0.000000,    9.720527, 5527.235401,    0.000000,    0.000000,    0.000000,    0.000000,    0.064667,   19.635156,    7.661380,   19.635156,  205.164855,  -81.727754,   -4.508015,   54.334498,  499.642680,    0.000000,    0.019266,    0.407391,    0.510812,   18.477389,    0.120174,    0.001500,    0.001000,    0.000000
2020-05-23 24:00:00,24951.284418,    0.000000,    0.000000,    0.000000,   13.824000,    3.456000,    0.000000,  -16.221644,    7.460985,    0.000000,    0.000000,    9.720811, 5527.414154,    0.000000,    0.000000,    0.000000,    0.000000,    0.064448,   16.674117,    7.705655,   16.674117,  103.796088,  -83.406969,   -7.393941,    2.518677,  360.997737,    0.000000,    0.025925,    0.529191,    0.582186,   13.520322,    0.125038,    0.001500,    0.001000,    0.000000
2020-05-24 24:00:00,24949.021860,    0.000000,    0.000000,    0.000000,   13.824000,    3.456000,    0.000000,  -20.047959,    7.460977,    0.000000,    0.000000,    9.720403, 5527.157704,    0.000000,    0.000000,    0.000000,    0.000000,    0.064234,   15.365785,    7.755793,   15.365785,  123.658259, -103.357783,  -11.657715,   26.021336,  679.515744,    0.000000,    0.033261,    0.658070,    0.649219,    9.940340,    0.124920,    0.001500,    0.001000,    0.000000
2020-05-25 24:00:00,24939.397118,    0.000000,    0.000000,    0.000000,   13.824000,    3.456000,    0.000000,  -19.921398,    0.000000,    0.000000,    0.000000,    9.718668, 5526.066787,    0.000000,    0.000000,    0.000000,    0.000000,    0.064024,   15.404116,    7.827134,   15.404116,  170.060705, -102.800173,   -3.782022,   55.784207,  730.541238,    0.000000,    0.035462,    0.695855,    0.667598,   10.525871,    0.071751,    0.001500,    0.001000,    0.000000
2020-05-26 24:00:00,24930.709306,    0.000000,    0.000000,    0.000000,   13.824000,    3.456000,    0.000000,  -18.984237,    0.000000,    0.000000,    0.000000,    9.717101, 5525.082066,    0.000000,    0.000000,    0.000000,    0.000000,    0.063820,   16.203983,    7.905217,   16.203983,  218.060830,  -97.929123,   -7.674326,   60.846685, 1004.818469,    0.000000,    0.029344,    0.589841,    0.614643,   17.462240,    0.074683,    0.001500,    0.001000,    0.000000
2020-05-27 24:00:00,24924.502309,    0.000000,    0.000000,    0.000000,   13.824000,    3.456000,    0.000000,  -16.510200,    0.000000,    0.000000,    0.000000,    9.715982, 5524.378533,    0.000000,    0.000000,    0.000000,    0.000000,    0.063620,   18.169783,    7.970536,   18.169783,  269.247303,  -85.047050,   -9.367647,   59.967631, 1259.110054,    0.000000,    0.018451,    0.392079,    0.501120,   45.789862,    0.091072,    0.001500,    0.001000,    0.000000
2020-05-28 24:00:00,24902.930823,    0.000000,    0.000000,    0.000000,   13.824000,    3.456000,    0.000000,  -31.805767,    0.000000,    0.000000,    0.000000,    9.712092, 5521.933511,    0.000000,    0.000000,    0.000000,    0.000000,    0.063425,   18.778840,    8.045626,   18.778840,  290.152264, -163.667796,  -12.030750,   68.388290, 1180.192672,    0.000000,    0.031507,    0.627637,    0.634030,   21.705244,    0.074263,    0.001500,    0.001000,    0.000000
2020-05-29 24:00:00,24868.139813,    0.000000,    0.000000,    0.000000,   13.824000,    3.456000,    0.000000,  -44.944194,    0.000000,    0.000000,    0.000000,    9.705819, 5517.990122,    0.000000,    0.000000,    0.000000,    0.000000,    0.063234,   18.520470,    8.122556,   18.520470,  294.035987, -231.371597,  -21.072530,   65.371398, 1303.054721,    0.000000,    0.041711,    0.801259,    0.716377,   13.977507,    0.070622,    0.001500,    0.001000,    0.000000
2020-05-30 24:00:00,24832.932818,    0.000000,    0.000000,    0.000000,   13.824000,    3.456000,    0.000000,  -45.483776,    0.000000,    0.000000,    0.000000,    9.699464, 5513.995967,    0.000000,    0.000000,    0.000000,    0.000000,    0.063049,   18.297693,    8.205061,   18.297693,  296.259980, -234.388379,  -26.908834,   58.377567, 1209.732747,    0.000000,    0.041704,    0.801111,    0.716311,   13.857847,    0.078593,    0.001500,    0.001000,    0.000000
2020-05-31 24:00:00,24798.078252,    0.000000,    0.000000,    0.000000,   13.824000,    3.456000,    0.000000,  -45.479978,    0.000000,    0.000000,    0.000000,    9.693104, 5510.002456,    0.000000,    0.000000,    0.000000,    0.000000,    0.062869,   18.014534,    8.285221,   18.014534,  284.721549, -234.595695,  -24.497676,   50.338316, 1102.731074,    0.000000,    0.043510,    0.831093,    0.729592,   13.044243,    0.077196,    0.001500,    0.001000,    0.000000
2020-06-01 24:00:00,24776.915594,    0.000000,    0.000000,    0.000000,   13.824000,    3.456000,    0.000000,  -31.691480,    0.000000,    0.000000,    0.000000,    9.689243, 5507.577715,    0.000000,    0.000000,    0.000000,    0.000000,    0.062694,   18.874613,    8.364265,   18.874613,  288.038315, -163.504723,  -12.917243,   64.785415, 1139.583459,    0.000000,    0.032361,    0.642357,    0.641422,   24.322449,    0.076993,    0.001500,    0.001000,    0.000000
2020-06-02 24:00:00,24763.241734,    0.000000,    0.000000,    0.000000,   13.824000,    3.456000,    0.000000,  -24.155653,    0.000000,    0.000000,    0.000000,    9.686748, 5506.011013,    0.000000,    0.000000,    0.000000,    0.000000,    0.062524,   20.625916,    8.446847,   20.625916,  300.579049, -124.482222,   -6.429578,   70.983990, 1104.882329,    0.000000,    0.023378,    0.483112,    0.556262,   48.341676,    0.076850,    0.001500,    0.001000,    0.000000
2020-06-03 24:00:00,24752.798152,    0.000000,    0.000000,    0.000000,   13.824000,    3.456000,    0.000000,  -20.904810,    0.000000,    0.000000,    0.000000,    9.684842, 5504.814425,    0.000000,    0.000000,    0.000000,    0.000000,    0.062359,   21.427374,    8.521160,   21.427374,  244.083747, -107.558848,   -6.993086,   32.635859,  724.649524,    0.000000,    0.017227,    0.368850,    0.486049,   90.934254,    0.076823,    0.001500,    0.001000,    0.000000
2020-06-04 24:00:00,24776.352431,    0.000000,    0.000000,    0.000000,   13.824000,    3.456000,    0.000000,  -18.960276,   32.207236,    0.000000,    0.000000,    9.689140, 5507.513190,    0.000000,    0.000000,    0.000000,    0.000000,    0.062199,   20.984501,    8.574903,   20.984501,  138.457194,  -97.486476,  -13.065105,  -12.192916,  348.156864,    0.000000,    0.016429,    0.353622,    0.475910,   99.104682,    0.076797,    0.001500,    0.001000,    0.000000
2020-06-05 24:00:00,24822.351479,    0.000000,    0.000000,    0.000000,   13.824000,    3.456000,    0.000000,  -28.639524,   64.460096,    0.000000,    0.000000,    9.697534, 5512.783595,    0.000000,    0.000000,    0.000000,    0.000000,    0.062045,   19.728988,    8.624265,   19.728988,   87.672919, -147.284566,  -31.859721,  -27.429754,  414.801165,    0.000000,    0.027186,    0.551605,    0.594387,   36.598329,    0.076910,    0.001500,    0.001000,    0.000000
2020-06-06 24:00:00,24839.458307,    0.000000,    0.000000,    0.000000,   13.824000,    3.456000,    0.000000,  -32.914990,   39.694191,    0.000000,    0.000000,    9.700647, 5514.739214,    0.000000,    0.000000,    0.000000,    0.000000,    0.061896,   18.604404,    8.664639,   18.604404,  125.610222, -169.467036,  -36.784880,   -1.579906,  668.179366,    0.000000,    0.034564,    0.680379,    0.660132,   22.294037,    0.078192,    0.001500,    0.001000,    0.000000
2020-06-07 24:00:00,24833.564236,    0.000000,    0.000000,    0.000000,   13.824000,    3.456000,    0.000000,  -23.762536,    7.443658,    0.000000,    0.000000,    9.699580, 5514.068313,    0.000000,    0.000000,    0.000000,    0.000000,    0.061753,   18.599097,    8.717772,   18.599097,  180.469797, -122.430316,  -20.680310,   14.895146,  917.710847,    0.000000,    0.026761,    0.544050,    0.590303,   34.104642,    0.078587,    0.001500,    0.001000,    0.000000
2020-06-08 24:00:00,24824.931384,    0.000000,    0.000000,    0.000000,   13.824000,    3.456000,    0.000000,  -19.114248,    0.000000,    0.000000,    0.000000,    9.698004, 5513.079192,    0.000000,    0.000000,    0.000000,    0.000000,    0.061614,   19.133320,    8.777369,   19.133320,  194.631258,  -98.464100,  -14.565716,   23.665205,  863.170256,    0.000000,    0.018443,    0.391882,    0.500994,   68.097046,    0.078554,    0.001500,    0.001000,    0.000000
2020-06-09 24:00:00,24814.793944,    0.000000,    0.000000,    0.000000,   13.824000,    3.456000,    0.000000,  -20.623806,    0.000000,    0.000000,    0.000000,    9.696155, 5511.917680,    0.000000,    0.000000,    0.000000,    0.000000,    0.061482,   18.948680,    8.829451,   18.948680,  144.433373, -106.226074,  -17.413701,    7.158739,  459.996561,    0.000000,    0.019662,    0.414736,    0.515396,   61.646520,    0.078321,    0.001500,    0.001000,    0.000000
2020-06-10 24:00:00,24806.962075,    0.000000,    0.000000,    0.000000,   13.824000,    3.456000,    0.000000,  -23.261284,    4.959795,    0.000000,    0.000000,    9.694725, 5511.020333,    0.000000,    0.000000,    0.000000,    0.000000,    0.061354,   18.340446,    8.870526,   18.340446,  107.066245, -119.902171,  -18.227329,  -22.005049,  524.825872,    0.000000,    0.028468,    0.574308,    0.606496,   29.816591,    0.078193,    0.001500,    0.001000,    0.000000
2020-06-11 24:00:00,24805.319802,    0.000000,    0.000000,    0.000000,   13.824000,    3.456000,    0.000000,  -17.035419,    4.959308,    0.000000,    0.000000,    9.694426, 5510.832167,    0.000000,    0.000000,    0.000000,    0.000000,    0.061232,   18.112948,    8.911625,   18.112948,   99.145286,  -87.849613,  -13.618626,   -4.903837,  388.382732,    0.000000,    0.025063,    0.513609,    0.573551,   35.682869,    0.078130,    0.001500,    0.001000,    0.000000
2020-06-12 24:00:00,24802.391951,    0.000000,    0.000000,    0.000000,   13.824000,    3.456000,    0.000000,  -13.368108,    0.000000,    0.000000,    0.000000,    9.693892, 5510.496704,    0.000000,    0.000000,    0.000000,    0.000000,    0.061116,   19.455849,    8.960223,   19.455849,  190.849800,  -68.935687,   -5.049155,   64.909518, 1377.579409,    0.000000,    0.023801,    0.490811,    0.560677,   43.263354,    0.078068,    0.001500,    0.001000,    0.000000
2020-06-13 24:00:00,24793.740968,    0.000000,    0.000000,    0.000000,   13.824000,    3.456000,    0.000000,  -21.599340,    2.479251,    0.000000,    0.000000,    9.692313, 5509.505506,    0.000000,    0.000000,    0.000000,    0.000000,    0.061006,   21.025873,    9.031398,   21.025873,  257.209141, -111.138857,   -0.416189,   83.838343, 1000.576628,    0.000000,    0.028467,    0.574268,    0.606475,   37.040711,    0.078068,    0.001500,    0.001000,    0.000000
2020-06-14 24:00:00,24782.687897,    0.000000,    0.000000,    0.000000,   13.824000,    3.456000,    0.000000,  -24.009289,    2.478732,    0.000000,    0.000000,    9.690296, 5508.239085,    0.000000,    0.000000,    0.000000,    0.000000,    0.060901,   20.952840,    9.088913,   20.952840,  159.282621, -123.457972,   -7.724961,   36.480058,  430.893420,    0.000000,    0.027609,    0.559075,    0.598398,   41.156112,    0.078067,    0.001500,    0.001000,    0.000000
2020-06-15 24:00:00,24781.811815,    0.000000,    0.000000,    0.000000,   13.824000,    3.456000,    0.000000,  -16.256935,    4.956834,    0.000000,    0.000000,    9.690136, 5508.138706,    0.000000,    0.000000,    0.000000,    0.000000,    0.060801,   20.441422,    9.147363,   20.441422,   92.844398,  -83.639479,  -11.377359,  -18.381871,  387.694957,    0.000000,    0.021302,    0.445128,    0.533947,   62.843513,    0.078067,    0.001500,    0.001000,    0.000000
2020-06-16 24:00:00,24790.525065,    0.000000,    0.000000,    0.000000,   13.824000,    3.456000,    0.000000,   -9.098974,    7.435852,    0.000000,    0.000000,    9.691726, 5509.137039,    0.000000,    0.000000,    0.000000,    0.000000,    0.060708,   20.426813,    9.182439,   20.426813,   99.358208,  -46.823955,   -7.324571,  -26.850147,  536.056205,    0.000000,    0.012510,    0.277133,    0.421308,  154.619216,    0.078066,    0.001500,    0.001000,    0.000000
2020-06-17 24:00:00,24799.701764,    0.000000,    0.000000,    0.000000,   13.824000,    3.456000,    0.000000,  -11.113862,    9.916311,    0.000000,    0.000000,    9.693401, 5510.188472,    0.000000,    0.000000,    0.000000,    0.000000,    0.060620,   20.788420,    9.223404,   20.788420,  148.766573,  -57.177069,   -8.862386,  -13.730026,  848.713406,    0.000000,    0.015240,    0.330734,    0.460251,  112.536402,    0.078066,    0.001500,    0.001000,    0.000000
2020-06-18 24:00:00,24799.230132,    0.000000,    0.000000,    0.000000,   13.824000,    3.456000,    0.000000,  -18.335462,    7.437928,    0.000000,    0.000000,    9.693315, 5510.134435,    0.000000,    0.000000,    0.000000,    0.000000,    0.060538,   21.390704,    9.277454,   21.390704,  201.357768,  -94.275061,  -11.797807,   20.123729,  933.374360,    0.000000,    0.020892,    0.437555,    0.529385,   68.935440,    0.078066,    0.001500,    0.001000,    0.000000
2020-06-19 24:00:00,24785.337688,    0.000000,    0.000000,    0.000000,   13.824000,    3.456000,    0.000000,  -24.386536,    0.000000,    0.000000,    0.000000,    9.690780, 5508.542688,    0.000000,    0.000000,    0.000000,    0.000000,    0.060461,   22.032894,    9.361470,   22.032894,  240.797214, -125.334650,  -14.718231,   33.592092, 1217.384130,    0.000000,    0.022963,    0.475565,    0.551900,   62.699507,    0.078065,    0.001500,    0.001000,    0.000000
2020-06-20 24:00:00,24769.466028,    0.000000,    0.000000,    0.000000,   13.824000,    3.456000,    0.000000,  -26.367898,    0.000000,    0.000000,    0.000000,    9.687883, 5506.724170,    0.000000,    0.000000,    0.000000,    0.000000,    0.060391,   22.410145,    9.430207,   22.410145,  231.742783, -135.448783,  -15.753957,   33.485792,  943.064286,    0.000000,    0.022129,    0.460317,    0.542980,   70.897503,    0.078065,    0.001500,    0.001000,    0.000000
2020-06-21 24:00:00,24757.148903,    0.000000,    0.000000,    0.000000,   13.824000,    3.456000,    0.000000,  -22.789271,    0.000000,    0.000000,    0.000000,    9.685636, 5505.312918,    0.000000,    0.000000,    0.000000,    0.000000,    0.060326,   23.451021,    9.494739,   23.451021,  236.602390, -117.034982,  -12.085378,   49.857759, 1264.129162,    0.000000,    0.017228,    0.368858,    0.486055,  115.516096,    0.078064,    0.001500,    0.001000,    0.000000
2020-06-22 24:00:00,24741.155834,    0.000000,    0.000000,    0.000000,   13.824000,    3.456000,    0.000000,  -26.474332,    0.000000,    0.000000,    0.000000,    9.682718, 5503.480490,    0.000000,    0.000000,    0.000000,    0.000000,    0.060267,   24.110492,    9.562960,   24.110492,  246.365919, -135.827984,  -14.620384,   51.384911, 1034.336810,    0.000000,    0.018436,    0.391714,    0.500887,  111.393336,    0.078064,    0.001500,    0.001000,    0.000000
2020-06-23 24:00:00,24716.685228,    0.000000,    0.000000,    0.000000,   13.824000,    3.456000,    0.000000,  -34.973687,    0.000000,    0.000000,    0.000000,    9.678253, 5500.676736,    0.000000,    0.000000,    0.000000,    0.000000,    0.060214,   24.652958,    9.631149,   24.652958,  268.128864, -179.457444,  -17.740589,   60.848889, 1467.098527,    0.000000,    0.024211,    0.498188,    0.564875,   73.320417,    0.078064,    0.001500,    0.001000,    0.000000
2020-06-24 24:00:00,24681.938556,    0.000000,    0.000000,    0.000000,   13.824000,    3.456000,    0.000000,  -45.261872,    0.000000,    0.000000,    0.000000,    9.671912, 5496.695587,    0.000000,    0.000000,    0.000000,    0.000000,    0.060166,   24.977998,    9.713326,   24.977998,  314.145788, -232.254473,  -19.978762,   64.876256, 1462.930412,    0.000000,    0.028024,    0.566358,    0.602284,   59.733845,    0.078063,    0.001500,    0.001000,    0.000000
2020-06-25 24:00:00,24645.977480,    0.000000,    0.000000,    0.000000,   13.824000,    3.456000,    0.000000,  -46.446019,    0.000000,    0.000000,    0.000000,    9.665350, 5492.575296,    0.000000,    0.000000,    0.000000,    0.000000,    0.060125,   24.915275,    9.795046,   24.915275,  273.660243, -238.419966,  -20.303281,   63.719070, 1088.876955,    0.000000,    0.028878,    0.581398,    0.610228,   58.130723,    0.078063,    0.001500,    0.001000,    0.000000
2020-06-26 24:00:00,24615.792870,    0.000000,    0.000000,    0.000000,   13.824000,    3.456000,    0.000000,  -40.626830,    0.000000,    0.000000,    0.000000,    9.659843, 5489.116852,    0.000000,    0.000000,    0.000000,    0.000000,    0.060090,   25.198993,    9.867893,   25.198993,  249.579714, -208.692322,  -16.903146,   65.656031, 1132.545343,    0.000000,    0.028016,    0.566163,    0.602180,   62.010818,    0.078052,    0.001500,    0.001000,    0.000000
2020-06-27 24:00:00,24591.803365,    0.000000,    0.000000,    0.000000,   13.824000,    3.456000,    0.000000,  -39.339303,    4.938466,    0.000000,    0.000000,    9.655465, 5486.368221,    0.000000,    0.000000,    0.000000,    0.000000,    0.060060,   25.357553,    9.938554,   25.357553,  233.191318, -202.085405,  -13.687008,   65.681343,  935.390003,    0.000000,    0.029732,    0.596368,    0.618034,   57.385179,    0.078022,    0.001500,    0.001000,    0.000000
2020-06-28 24:00:00,24569.430215,    0.000000,    0.000000,    0.000000,   13.824000,    3.456000,    0.000000,  -42.638638,    9.872085,    0.000000,    0.000000,    9.651383, 5483.804786,    0.000000,    0.000000,    0.000000,    0.000000,    0.060036,   24.547943,    9.996092,   24.547943,  152.473091, -219.210348,  -21.865536,   29.319656,  484.357317,    0.000000,    0.033206,    0.656764,    0.648575,   44.513408,    0.082180,    0.001500,    0.001000,    0.000000
2020-06-29 24:00:00,24554.918465,    0.000000,    0.000000,    0.000000,   13.824000,    3.456000,    0.000000,  -42.158806,   17.269429,    0.000000,    0.000000,    9.648735, 5482.142081,    0.000000,    0.000000,    0.000000,    0.000000,    0.060019,   23.614744,   10.045731,   23.614744,  156.105007, -217.103682,  -28.999693,   19.062722,  965.904549,    0.000000,    0.031025,    0.618937,    0.629620,   46.195700,    0.082372,    0.001500,    0.001000,    0.000000
2020-06-30 24:00:00,24532.558696,    0.000000,    0.000000,    0.000000,   13.824000,    3.456000,    0.000000,  -45.058566,   12.330637,    0.000000,    0.000000,    9.644655, 5479.580179,    0.000000,    0.000000,    0.000000,    0.000000,    0.060007,   23.061121,   10.103876,   23.061121,  188.340448, -232.300981,  -28.661731,   39.014762,  716.891983,    0.000000,    0.031456,    0.626422,    0.633416,   42.506109,    0.082138,    0.001500,    0.001000,    0.000000
2020-07-01 24:00:00,24503.040777,    0.000000,    0.000000,    0.000000,   13.824000,    3.456000,    0.000000,  -42.329406,    2.464800,    0.000000,    0.000000,    9.639269, 5476.198122,    0.000000,    0.000000,    0.000000,    0.000000,    0.060001,   22.748935,   10.159271,   22.748935,  190.811146, -218.507017,  -15.695673,   55.618250,  896.966712,    0.000000,    0.035394,    0.694262,    0.666833,   33.890619,    0.083776,    0.001500,    0.001000,    0.000000
2020-07-02 24:00:00,24480.334332,    0.000000,    0.000000,    0.000000,   13.824000,    3.456000,    0.000000,  -35.502072,    2.463456,    0.000000,    0.000000,    9.635125, 5473.596499,    0.000000,    0.000000,    0.000000,    0.000000,    0.060001,   22.847921,   10.212230,   22.847921,  198.305313, -183.352268,   -8.726074,   52.097469,  715.462218,    0.000000,    0.033631,    0.664003,    0.652139,   37.239533,    0.083538,    0.001500,    0.001000,    0.000000
2020-07-03 24:00:00,24453.883386,    0.000000,    0.000000,    0.000000,   13.824000,    3.456000,    0.000000,  -36.760203,    0.000000,    0.000000,    0.000000,    9.630299, 5470.565845,    0.000000,    0.000000,    0.000000,    0.000000,    0.060007,   23.088455,   10.272865,   23.088455,  225.163702, -189.961179,  -16.738092,   49.271118, 1111.393980,    0.000000,    0.029283,    0.588375,    0.613879,   47.543999,    0.083291,    0.001500,    0.001000,    0.000000
2020-07-04 24:00:00,24419.035031,    0.000000,    0.000000,    0.000000,   13.824000,    3.456000,    0.000000,  -45.115405,    0.000000,    0.000000,    0.000000,    9.623940, 5466.573046,    0.000000,    0.000000,    0.000000,    0.000000,    0.060019,   22.770695,   10.337047,   22.770695,  228.046543, -233.250331,  -19.488401,   42.673468,  804.263601,    0.000000,    0.032311,    0.641148,    0.640818,   39.364662,    0.082979,    0.001500,    0.001000,    0.000000
2020-07-05 24:00:00,24379.695156,    0.000000,    0.000000,    0.000000,   13.824000,    3.456000,    0.000000,  -49.558447,    0.000000,    0.000000,    0.000000,    9.616762, 5462.065624,    0.000000,    0.000000,    0.000000,    0.000000,    0.060036,   21.850554,   10.393519,   21.850554,  160.815982, -256.617161,   -6.256662,   33.144379,  554.954591,    0.000000,    0.047996,    0.904310,    0.761052,   18.037945,    0.091819,    0.001500,    0.001000,    0.000000
2020-07-06 24:00:00,24339.458678,    0.000000,    0.000000,    0.000000,   13.824000,    3.456000,    0.000000,  -50.410279,    0.000000,    0.000000,    0.000000,    9.609420, 5457.455473,    0.000000,    0.000000,    0.000000,    0.000000,    0.060060,   21.184311,   10.448460,   21.184311,  166.638154, -261.549770,   -9.481790,   54.433307,  780.102942,    0.000000,    0.051218,    0.956579,    0.782737,   14.791138,    0.094739,    0.001500,    0.001000,    0.000000
2020-07-07 24:00:00,24310.051960,    0.000000,    0.000000,    0.000000,   13.824000,    3.456000,    0.000000,  -39.592933,    0.000000,    0.000000,    0.000000,    9.604054, 5454.086157,    0.000000,    0.000000,    0.000000,    0.000000,    0.060090,   21.143221,   10.505556,   21.143221,  215.977073, -205.627949,  -22.640113,   46.150718,  890.569709,    0.000000,    0.029695,    0.595485,    0.617576,   37.413625,    0.094398,    0.001500,    0.001000,    0.000000
2020-07-08 24:00:00,24305.046957,    0.000000,    0.000000,    0.000000,   13.824000,    3.456000,    0.000000,  -20.204955,    4.907905,    0.000000,    0.000000,    9.603140, 5453.512702,    0.000000,    0.000000,    0.000000,    0.000000,    0.060125,   21.257649,   10.554909,   21.257649,  155.929808, -104.909598,  -15.630312,   10.897666,  374.532062,    0.000000,    0.014814,    0.322278,    0.454329,  124.672141,    0.094170,    0.001500,    0.001000,    0.000000
2020-07-09 24:00:00,24301.146300,    0.000000,    0.000000,    0.000000,   13.824000,    3.456000,    0.000000,  -19.104267,    4.907443,    0.000000,    0.000000,    9.602429, 5453.065778,    0.000000,    0.000000,    0.000000,    0.000000,    0.060166,   21.411016,   10.617128,   21.411016,  136.063370,  -99.235666,   -8.791100,    1.952645,  785.647860,    0.000000,    0.020846,    0.436431,    0.528705,   68.464102,    0.093949,    0.001500,    0.001000,    0.000000
2020-07-10 24:00:00,24285.978012,    0.000000,    0.000000,    0.000000,   13.824000,    3.456000,    0.000000,  -28.002945,    2.453229,    0.000000,    0.000000,    9.599657, 5451.325513,    0.000000,    0.000000,    0.000000,    0.000000,    0.060214,   21.198407,   10.661980,   21.198407,  140.194545, -145.457461,   -1.801287,   24.190978,  380.691922,    0.000000,    0.032292,    0.640697,    0.640592,   31.748032,    0.093666,    0.001500,    0.001000,    0.000000
2020-07-11 24:00:00,24266.707924,    0.000000,    0.000000,    0.000000,   13.824000,    3.456000,    0.000000,  -32.280915,    2.452344,    0.000000,    0.000000,    9.596098, 5449.093379,    0.000000,    0.000000,    0.000000,    0.000000,    0.060267,   21.168610,   10.710963,   21.168610,  155.490054, -167.827733,  -13.403177,   43.586036,  904.798647,    0.000000,    0.030120,    0.602899,    0.621409,   35.157373,    0.093374,    0.001500,    0.001000,    0.000000
2020-07-12 24:00:00,24244.105267,    0.000000,    0.000000,    0.000000,   13.824000,    3.456000,    0.000000,  -33.167840,    0.000000,    0.000000,    0.000000,    9.591924, 5446.475219,    0.000000,    0.000000,    0.000000,    0.000000,    0.060326,   21.727702,   10.776236,   21.727702,  245.153132, -172.464173,  -20.875343,   53.335837, 1116.006000,    0.000000,    0.025001,    0.512107,    0.572712,   49.570276,    0.093073,    0.001500,    0.001000,    0.000000
2020-07-13 24:00:00,24220.437066,    0.000000,    0.000000,    0.000000,   13.824000,    3.456000,    0.000000,  -34.222928,    0.000000,    0.000000,    0.000000,    9.587553, 5443.733633,    0.000000,    0.000000,    0.000000,    0.000000,    0.060391,   22.380068,   10.842507,   22.380068,  275.183930, -177.909143,  -17.236665,   53.477638, 1147.511842,    0.000000,    0.023740,    0.489325,    0.559828,   56.600471,    0.092924,    0.001500,    0.001000,    0.000000
2020-07-14 24:00:00,24217.261257,    0.000000,    0.000000,    0.000000,   13.824000,    3.456000,    0.000000,  -30.759391,   17.145290,    0.000000,    0.000000,    9.586966, 5443.365766,    0.000000,    0.000000,    0.000000,    0.000000,    0.060461,   22.683635,   10.908170,   22.683635,  242.469208, -159.788173,  -12.084722,   42.899466,  922.188703,    0.000000,    0.020838,    0.436239,    0.528589,   76.115032,    0.092775,    0.001500,    0.001000,    0.000000
2020-07-15 24:00:00,24219.771616,    0.000000,    0.000000,    0.000000,   13.824000,    3.456000,    0.000000,  -27.492777,   19.594431,    0.000000,    0.000000,    9.587430, 5443.656551,    0.000000,    0.000000,    0.000000,    0.000000,    0.060538,   22.508005,   10.978730,   22.508005,  173.258380, -142.801222,  -15.987283,   15.192211,  571.909900,    0.000000,    0.020839,    0.436245,    0.528592,   76.432887,    0.092626,    0.001500,    0.001000,    0.000000
2020-07-16 24:00:00,24222.183054,    0.000000,    0.000000,    0.000000,   13.824000,    3.456000,    0.000000,  -20.245374,   12.247176,    0.000000,    0.000000,    9.587875, 5443.935878,    0.000000,    0.000000,    0.000000,    0.000000,    0.060620,   21.995394,   11.021104,   21.995394,  110.480961, -105.193085,  -19.196104,  -30.071724,  357.169395,    0.000000,    0.017187,    0.367848,    0.485389,  100.922760,    0.092141,    0.001500,    0.001000,    0.000000
2020-07-17 24:00:00,24224.562797,    0.000000,    0.000000,    0.000000,   13.824000,    3.456000,    0.000000,  -17.828729,    9.798261,    0.000000,    0.000000,    9.588315, 5444.211534,    0.000000,    0.000000,    0.000000,    0.000000,    0.060708,   21.969158,   11.056930,   21.969158,  123.367529,  -92.684342,  -14.747857,   -9.764179,  734.566220,    0.000000,    0.016389,    0.352627,    0.475240,  106.660020,    0.091952,    0.001500,    0.001000,    0.000000
2020-07-18 24:00:00,24215.935715,    0.000000,    0.000000,    0.000000,   13.824000,    3.456000,    0.000000,  -19.094278,    0.000000,    0.000000,    0.000000,    9.586722, 5443.212223,    0.000000,    0.000000,    0.000000,    0.000000,    0.060801,   22.542440,   11.104369,   22.542440,  180.385465,  -99.246323,   -8.999030,   26.307819,  858.687568,    0.000000,    0.016389,    0.352611,    0.475229,  109.655722,    0.091803,    0.001500,    0.001000,    0.000000
2020-07-19 24:00:00,24206.944675,    0.000000,    0.000000,    0.000000,   13.824000,    3.456000,    0.000000,  -19.456493,    0.000000,    0.000000,    0.000000,    9.585061, 5442.170754,    0.000000,    0.000000,    0.000000,    0.000000,    0.060901,   23.674164,   11.162769,   23.674164,  225.193142, -101.057910,   -7.040616,   46.244188, 1121.321361,    0.000000,    0.014416,    0.314489,    0.448806,  144.544575,    0.091654,    0.001500,    0.001000,    0.000000
2020-07-20 24:00:00,24189.250875,    0.000000,    0.000000,    0.000000,   13.824000,    3.456000,    0.000000,  -28.195162,    0.000000,    0.000000,    0.000000,    9.581794, 5440.121207,    0.000000,    0.000000,    0.000000,    0.000000,    0.061006,   24.296182,   11.226056,   24.296182,  246.275818, -146.322891,  -10.835530,   58.367615,  850.137518,    0.000000,    0.019202,    0.405802,    0.509815,   97.199537,    0.091505,    0.001500,    0.001000,    0.000000
2020-07-21 24:00:00,24156.988237,    0.000000,    0.000000,    0.000000,   13.824000,    3.456000,    0.000000,  -42.810736,    0.000000,    0.000000,    0.000000,    9.575835, 5436.384092,    0.000000,    0.000000,    0.000000,    0.000000,    0.061116,   24.312601,   11.293737,   24.312601,  263.203064, -222.273115,  -18.045091,   63.447325, 1145.854216,    0.000000,    0.027107,    0.549683,    0.593351,   55.930041,    0.091355,    0.001500,    0.001000,    0.000000
2020-07-22 24:00:00,24119.543418,    0.000000,    0.000000,    0.000000,   13.824000,    3.456000,    0.000000,  -47.979272,    0.000000,    0.000000,    0.000000,    9.568920, 5432.046704,    0.000000,    0.000000,    0.000000,    0.000000,    0.061232,   24.316253,   11.372200,   24.316253,  291.673222, -249.280520,  -23.758589,   56.887053, 1168.710604,    0.000000,    0.027102,    0.549573,    0.593292,   56.722697,    0.102209,    0.001500,    0.001000,    0.000000
2020-07-23 24:00:00,24089.058371,    0.000000,    0.000000,    0.000000,   13.824000,    3.456000,    0.000000,  -40.965461,    0.000000,    0.000000,    0.000000,    9.563290, 5428.515494,    0.000000,    0.000000,    0.000000,    0.000000,    0.061354,   24.663089,   11.449895,   24.663089,  287.267901, -212.924594,  -20.455990,   51.731391, 1108.319817,    0.000000,    0.022477,    0.466266,    0.546477,   80.358771,    0.102110,    0.001500,    0.001000,    0.000000
2020-07-24 24:00:00,24058.850931,    0.000000,    0.000000,    0.000000,   13.824000,    3.456000,    0.000000,  -40.660745,    0.000000,    0.000000,    0.000000,    9.557712, 5425.016441,    0.000000,    0.000000,    0.000000,    0.000000,    0.061482,   24.476811,   11.519317,   24.476811,  227.517587, -211.413853,  -16.798407,   43.104073,  684.407592,    0.000000,    0.023306,    0.481337,    0.555239,   76.149926,    0.102011,    0.001500,    0.001000,    0.000000
2020-07-25 24:00:00,24045.164014,    0.000000,    0.000000,    0.000000,   13.824000,    3.456000,    0.000000,  -36.297218,   12.203199,    0.000000,    0.000000,    9.555184, 5423.431029,    0.000000,    0.000000,    0.000000,    0.000000,    0.061614,   24.196074,   11.573121,   24.196074,  166.895220, -188.858983,  -10.702577,   28.632800,  619.166778,    0.000000,    0.023304,    0.481302,    0.555219,   73.897280,    0.089451,    0.001500,    0.001000,    0.000000
2020-07-26 24:00:00,24033.863437,    0.000000,    0.000000,    0.000000,   13.824000,    3.456000,    0.000000,  -36.337890,   14.639904,    0.000000,    0.000000,    9.553097, 5422.122036,    0.000000,    0.000000,    0.000000,    0.000000,    0.061753,   23.822374,   11.622659,   23.822374,  161.756898, -189.193710,  -13.272822,   22.429098,  648.207048,    0.000000,    0.027517,    0.556873,    0.597219,   53.410159,    0.089179,    0.001500,    0.001000,    0.000000
2020-07-27 24:00:00,24014.268197,    0.000000,    0.000000,    0.000000,   13.824000,    3.456000,    0.000000,  -32.433308,    2.439194,    0.000000,    0.000000,    9.549478, 5419.852238,    0.000000,    0.000000,    0.000000,    0.000000,    0.061896,   23.859870,   11.676076,   23.859870,  180.602360, -168.977958,  -13.567037,   33.667066,  752.859196,    0.000000,    0.026241,    0.534157,    0.584911,   57.233414,    0.101635,    0.001500,    0.001000,    0.000000
2020-07-28 24:00:00,23986.834192,    0.000000,    0.000000,    0.000000,   13.824000,    3.456000,    0.000000,  -37.822074,    0.000000,    0.000000,    0.000000,    9.544412, 5416.674444,    0.000000,    0.000000,    0.000000,    0.000000,    0.062045,   23.846419,   11.731682,   23.846419,  188.355947, -197.153163,   -8.923445,   54.202774,  696.344314,    0.000000,    0.028365,    0.571827,    0.605185,   49.881633,    0.101474,    0.001500,    0.001000,    0.000000
2020-07-29 24:00:00,23953.172781,    0.000000,    0.000000,    0.000000,   13.824000,    3.456000,    0.000000,  -44.024136,    0.000000,    0.000000,    0.000000,    9.538196, 5412.775303,    0.000000,    0.000000,    0.000000,    0.000000,    0.062199,   23.927808,   11.787365,   23.927808,  228.051299, -229.691251,  -15.319843,   56.434831, 1053.606248,    0.000000,    0.030078,    0.601886,    0.620887,   44.089907,    0.099270,    0.001500,    0.001000,    0.000000
2020-07-30 24:00:00,23926.796209,    0.000000,    0.000000,    0.000000,   13.824000,    3.456000,    0.000000,  -36.716455,    0.000000,    0.000000,    0.000000,    9.533324, 5409.719995,    0.000000,    0.000000,    0.000000,    0.000000,    0.062359,   24.522752,   11.854288,   24.522752,  279.900402, -191.574742,  -17.334054,   59.004945,  998.187695,    0.000000,    0.022047,    0.458295,    0.541786,   78.464470,    0.099118,    0.001500,    0.001000,    0.000000
2020-07-31 24:00:00,23903.238820,    0.000000,    0.000000,    0.000000,   13.824000,    3.456000,    0.000000,  -33.881267,    0.000000,    0.000000,    0.000000,    9.528974, 5406.991245,    0.000000,    0.000000,    0.000000,    0.000000,    0.062524,   25.489609,   11.926808,   25.489609,  285.647250, -176.698722,   -9.183158,   77.169271, 1082.735926,    0.000000,    0.019991,    0.420359,    0.518879,   99.946945,    0.098966,    0.001500,    0.001000,    0.000000
2020-08-01 24:00:00,23882.867086,    0.000000,    0.000000,    0.000000,   13.824000,    3.456000,    0.000000,  -30.685269,    0.000000,    0.000000,    0.000000,    9.525212, 5404.631502,    0.000000,    0.000000,    0.000000,    0.000000,    0.062694,   26.191371,   11.993297,   26.191371,  235.179291, -159.895421,   -6.522432,   78.232219,  696.858074,    0.000000,    0.018366,    0.389976,    0.499775,  124.591131,    0.098814,    0.001500,    0.001000,    0.000000
2020-08-02 24:00:00,23860.732002,    0.000000,    0.000000,    0.000000,   13.824000,    3.456000,    0.000000,  -32.430742,    0.000000,    0.000000,    0.000000,    9.521124, 5402.067504,    0.000000,    0.000000,    0.000000,    0.000000,    0.062869,   25.740447,   12.043920,   25.740447,  158.593828, -169.065239,  -11.129138,   32.086033,  497.081149,    0.000000,    0.020805,    0.435419,    0.528091,  100.867544,    0.098661,    0.001500,    0.001000,    0.000000
2020-08-03 24:00:00,23835.972369,    0.000000,    0.000000,    0.000000,   13.824000,    3.456000,    0.000000,  -35.031872,    0.000000,    0.000000,    0.000000,    9.516551, 5399.199493,    0.000000,    0.000000,    0.000000,    0.000000,    0.063049,   24.756024,   12.080788,   24.756024,  115.134650, -182.886067,  -19.028631,  -14.553579,  368.718000,    0.000000,    0.022452,    0.465640,    0.546110,   80.883561,    0.098509,    0.001500,    0.001000,    0.000000
2020-08-04 24:00:00,23810.647045,    0.000000,    0.000000,    0.000000,   13.824000,    3.456000,    0.000000,  -35.576908,    0.000000,    0.000000,    0.000000,    9.511874, 5396.265956,    0.000000,    0.000000,    0.000000,    0.000000,    0.063234,   24.274662,   12.118923,   24.274662,  146.057333, -186.029709,  -21.696720,   11.877147,  716.107316,    0.000000,    0.022035,    0.458012,    0.541619,   78.618858,    0.093941,    0.001500,    0.001000,    0.000000
2020-08-05 24:00:00,23789.805460,    0.000000,    0.000000,    0.000000,   13.824000,    3.456000,    0.000000,  -31.092319,    0.000000,    0.000000,    0.000000,    9.508025, 5393.851788,    0.000000,    0.000000,    0.000000,    0.000000,    0.063425,   24.974193,   12.174006,   24.974193,  233.560177, -162.653867,  -16.953573,   52.036734, 1000.061704,    0.000000,    0.017956,    0.382198,    0.494766,  112.762202,    0.093838,    0.001500,    0.001000,    0.000000
2020-08-06 24:00:00,23772.484964,    0.000000,    0.000000,    0.000000,   13.824000,    3.456000,    0.000000,  -27.573115,    0.000000,    0.000000,    0.000000,    9.504827, 5391.845483,    0.000000,    0.000000,    0.000000,    0.000000,    0.063620,   25.979093,   12.242524,   25.979093,  274.317484, -144.119535,  -13.288177,   60.947524, 1014.068597,    0.000000,    0.014779,    0.321391,    0.453704,  170.204436,    0.093734,    0.001500,    0.001000,    0.000000
2020-08-07 24:00:00,23750.297856,    0.000000,    0.000000,    0.000000,   13.824000,    3.456000,    0.000000,  -32.425612,    0.000000,    0.000000,    0.000000,    9.500729, 5389.275459,    0.000000,    0.000000,    0.000000,    0.000000,    0.063820,   26.789876,   12.314780,   26.789876,  273.605526, -169.379851,  -10.712257,   73.567359,  994.658399,    0.000000,    0.017953,    0.382121,    0.494716,  132.260397,    0.093630,    0.001500,    0.001000,    0.000000
2020-08-08 24:00:00,23731.432932,    0.000000,    0.000000,    0.000000,   13.824000,    3.456000,    0.000000,  -29.165176,    0.000000,    0.000000,    0.000000,    9.497237, 5387.448005,    0.000000,    0.000000,    0.000000,    0.000000,    0.064024,   27.944055,   12.383948,   27.944055,  259.433332, -152.203934,   -5.826722,   84.892649,  896.019721,    0.000000,    0.015957,    0.344134,    0.469483,  171.560726,    0.093527,    0.001500,    0.001000,    0.000000
2020-08-09 24:00:00,23711.537471,    0.000000,    0.000000,    0.000000,   13.824000,    3.456000,    0.000000,  -30.195907,    0.000000,    0.000000,    0.000000,    9.493551, 5385.620619,    0.000000,    0.000000,    0.000000,    0.000000,    0.064234,   28.736619,   12.447390,   28.736619,  231.083199, -157.446540,   -6.289890,   83.019004,  771.954103,    0.000000,    0.015561,    0.336508,    0.464251,  191.254628,    0.093423,    0.001500,    0.001000,    0.000000
2020-08-10 24:00:00,23676.538150,    0.000000,    0.000000,    0.000000,   13.824000,    3.456000,    0.000000,  -45.245110,    0.000000,    0.000000,    0.000000,    9.487068, 5382.405953,    0.000000,    0.000000,    0.000000,    0.000000,    0.064448,   28.266372,   12.503830,   28.266372,  212.653757, -236.022698,  -10.086932,   69.631564,  753.591159,    0.000000,    0.024520,    0.503055,    0.567627,   89.622725,    0.093320,    0.001500,    0.001000,    0.000000
2020-08-11 24:00:00,23634.290735,    0.000000,    0.000000,    0.000000,   13.824000,    3.456000,    0.000000,  -52.439237,    0.000000,    0.000000,    0.000000,    9.479241, 5378.525554,    0.000000,    0.000000,    0.000000,    0.000000,    0.064667,   27.507450,   12.561555,   27.507450,  198.549976, -273.939801,   -8.958826,   61.267966,  668.416180,    0.000000,    0.032201,    0.638533,    0.639510,   54.316021,    0.093216,    0.001500,    0.001000,    0.000000
2020-08-12 24:00:00,23614.754105,    0.000000,    0.000000,    0.000000,   13.824000,    3.456000,    0.000000,  -46.726578,   16.938040,    0.000000,    0.000000,    9.475622, 5376.731127,    0.000000,    0.000000,    0.000000,    0.000000,    0.064890,   27.082968,   12.615616,   27.082968,  183.392509, -244.359602,   -7.278397,   57.942576,  636.954204,    0.000000,    0.033505,    0.661020,    0.650673,   49.037402,    0.093112,    0.001500,    0.001000,    0.000000
2020-08-13 24:00:00,23618.341786,    0.000000,    0.000000,    0.000000,   13.824000,    3.456000,    0.000000,  -30.946825,   24.193803,    0.000000,    0.000000,    9.476287, 5377.060653,    0.000000,    0.000000,    0.000000,    0.000000,    0.065118,   26.631857,   12.663619,   26.631857,  124.083004, -161.888121,  -14.833681,   15.358419,  227.321141,    0.000000,    0.024096,    0.495381,    0.563281,   82.876429,    0.093009,    0.001500,    0.001000,    0.000000
2020-08-14 24:00:00,23616.995033,    0.000000,    0.000000,    0.000000,   13.824000,    3.456000,    0.000000,  -18.926146,    7.258313,    0.000000,    0.000000,    9.476037, 5376.936955,    0.000000,    0.000000,    0.000000,    0.000000,    0.065350,   26.132136,   12.693486,   26.132136,   71.406585,  -99.082153,  -14.288833,  -18.349941,  258.704310,    0.000000,    0.014770,    0.321178,    0.453554,  182.388672,    0.092905,    0.001500,    0.001000,    0.000000
2020-08-15 24:00:00,23608.329155,    0.000000,    0.000000,    0.000000,   13.824000,    3.456000,    0.000000,  -18.956072,    0.000000,    0.000000,    0.000000,    9.474432, 5376.140999,    0.000000,    0.000000,    0.000000,    0.000000,    0.065587,   26.065139,   12.721004,   26.065139,   99.624192,  -99.297012,  -12.210640,   15.134789,  440.187009,    0.000000,    0.014770,    0.321167,    0.453545,  179.653074,    0.092801,    0.001500,    0.001000,    0.000000
2020-08-16 24:00:00,23658.501735,    0.000000,    0.000000,    0.000000,   13.824000,    3.456000,    0.000000,  -25.686188,   65.341281,    0.000000,    0.000000,    9.483727, 5380.749320,    0.000000,    0.000000,    0.000000,    0.000000,    0.065827,   26.549058,   12.762296,   26.549058,  173.876396, -134.424257,  -11.886796,   53.270963,  699.777999,    0.000000,    0.020379,    0.427429,    0.523224,  104.211483,    0.092698,    0.001500,    0.001000,    0.000000
2020-08-17 24:00:00,23706.205541,    0.000000,    0.000000,    0.000000,   13.824000,    3.456000,    0.000000,  -30.591030,   67.817741,    0.000000,    0.000000,    9.492564, 5385.130885,    0.000000,    0.000000,    0.000000,    0.000000,    0.066072,   26.247597,   12.812817,   26.247597,  163.975006, -159.879466,  -17.393555,   34.333590,  373.912035,    0.000000,    0.022440,    0.465343,    0.545936,   89.221603,    0.092594,    0.001500,    0.001000,    0.000000
2020-08-18 24:00:00,23717.261778,    0.000000,    0.000000,    0.000000,   13.824000,    3.456000,    0.000000,  -28.393164,   29.079743,    0.000000,    0.000000,    9.494612, 5386.146393,    0.000000,    0.000000,    0.000000,    0.000000,    0.066322,   25.975909,   12.857753,   25.975909,  150.251352, -148.458645,  -20.471987,    1.789406,  654.619853,    0.000000,    0.019975,    0.419963,    0.518634,  105.034538,    0.092490,    0.001500,    0.001000,    0.000000
2020-08-19 24:00:00,23733.840238,    0.000000,    0.000000,    0.000000,   13.824000,    3.456000,    0.000000,  -25.313534,   31.510480,    0.000000,    0.000000,    9.497683, 5387.669115,    0.000000,    0.000000,    0.000000,    0.000000,    0.066575,   26.306828,   12.908861,   26.306828,  201.626404, -132.308835,  -17.115847,   21.618097,  722.650280,    0.000000,    0.015562,    0.336539,    0.464273,  162.342318,    0.092392,    0.001500,    0.001000,    0.000000
2020-08-20 24:00:00,23727.957128,    0.000000,    0.000000,    0.000000,   13.824000,    3.456000,    0.000000,  -21.065609,    4.848252,    0.000000,    0.000000,    9.496593, 5387.128755,    0.000000,    0.000000,    0.000000,    0.000000,    0.066832,   27.059886,   12.966376,   27.059886,  207.706851, -110.037514,  -11.442320,   44.596903,  691.258017,    0.000000,    0.012836,    0.283272,    0.425949,  236.417379,    0.092342,    0.001500,    0.001000,    0.000000
2020-08-21 24:00:00,23725.349409,    0.000000,    0.000000,    0.000000,   13.824000,    3.456000,    0.000000,  -29.915401,   16.967585,    0.000000,    0.000000,    9.496110, 5386.889237,    0.000000,    0.000000,    0.000000,    0.000000,    0.067093,   27.146617,   13.017652,   27.146617,  178.467043, -156.178280,  -10.128619,   59.219856,  519.945102,    0.000000,    0.020384,    0.427550,    0.523298,  111.411298,    0.092291,    0.001500,    0.001000,    0.000000
2020-08-22 24:00:00,23707.705222,    0.000000,    0.000000,    0.000000,   13.824000,    3.456000,    0.000000,  -44.911905,   16.964630,    0.000000,    0.000000,    9.492841, 5385.268630,    0.000000,    0.000000,    0.000000,    0.000000,    0.067358,   26.260246,   13.062302,   26.260246,  136.974078, -234.663784,  -17.408875,   33.984140,  407.988035,    0.000000,    0.031775,    0.631218,    0.635836,   48.312874,    0.101833,    0.001500,    0.001000,    0.000000
2020-08-23 24:00:00,23665.151538,    0.000000,    0.000000,    0.000000,   13.824000,    3.456000,    0.000000,  -52.772413,    0.000000,    0.000000,    0.000000,    9.484958, 5381.360100,    0.000000,    0.000000,    0.000000,    0.000000,    0.067627,   25.178722,   13.108005,   25.178722,  139.069016, -276.278617,  -26.144408,   20.733876,  528.709759,    0.000000,    0.034825,    0.683698,    0.661740,   36.303683,    0.102913,    0.001500,    0.001000,    0.000000
2020-08-24 24:00:00,23630.140892,    0.000000,    0.000000,    0.000000,   13.824000,    3.456000,    0.000000,  -45.220583,    0.000000,    0.000000,    0.000000,    9.478473, 5378.144394,    0.000000,    0.000000,    0.000000,    0.000000,    0.067899,   24.378600,   13.147587,   24.378600,  142.987793, -237.132025,  -26.083616,   22.478287,  469.731576,    0.000000,    0.027470,    0.555742,    0.596612,   49.270367,    0.109190,    0.001500,    0.001000,    0.000000
2020-08-25 24:00:00,23608.394138,    0.000000,    0.000000,    0.000000,   13.824000,    3.456000,    0.000000,  -31.987234,    0.000000,    0.000000,    0.000000,    9.474444, 5376.146968,    0.000000,    0.000000,    0.000000,    0.000000,    0.068175,   23.907182,   13.185158,   23.907182,  122.609327, -167.934097,  -20.677445,    9.020085,  419.264419,    0.000000,    0.019560,    0.412199,    0.513817,   82.761916,    0.108747,    0.001500,    0.001000,    0.000000
2020-08-26 24:00:00,23561.643703,    0.000000,    0.000000,    0.000000,   13.824000,    3.456000,    0.000000,  -56.858856,    0.000000,    0.000000,    0.000000,    9.465784, 5371.852969,    0.000000,    0.000000,    0.000000,    0.000000,    0.068454,   22.513072,   13.218300,   22.513072,  101.622143, -299.066061,  -25.059728,   21.170196,  290.771844,    0.000000,    0.041925,    0.803291,    0.717285,   17.910043,    0.120203,    0.001500,    0.001000,    0.000000
2020-08-27 24:00:00,23524.303018,    0.000000,    0.000000,    0.000000,   13.824000,    3.456000,    0.000000,  -49.873941,    2.416364,    0.000000,    0.000000,    9.458866, 5368.423251,    0.000000,    0.000000,    0.000000,    0.000000,    0.068737,   21.675894,   13.258100,   21.675894,  131.470321, -262.883487,  -21.354677,   40.049012,  578.688244,    0.000000,    0.041919,    0.803159,    0.717226,   15.463598,    0.125248,    0.001500,    0.001000,    0.000000
2020-08-28 24:00:00,23511.185783,    0.000000,    0.000000,    0.000000,   13.824000,    3.456000,    0.000000,  -28.181977,    4.830636,    0.000000,    0.000000,    9.456437, 5367.218441,    0.000000,    0.000000,    0.000000,    0.000000,    0.069023,   21.648491,   13.299541,   21.648491,  162.344514, -148.639304,  -18.798247,   24.044466,  188.568168,    0.000000,    0.025765,    0.525319,    0.580052,   35.097008,    0.124875,    0.001500,    0.001000,    0.000000
2020-08-29 24:00:00,23494.824418,    0.000000,    0.000000,    0.000000,   13.824000,    3.456000,    0.000000,  -28.985009,    2.414708,    0.000000,    0.000000,    9.453406, 5365.715660,    0.000000,    0.000000,    0.000000,    0.000000,    0.069313,   21.257110,   13.339766,   21.257110,  128.977130, -152.950722,  -21.931527,    4.829348,   53.726826,    0.000000,    0.029164,    0.585523,    0.612389,   26.380872,    0.130673,    0.001500,    0.001000,    0.000000
2020-08-30 24:00:00,23523.535812,    0.000000,    0.000000,    0.000000,   13.824000,    3.456000,    0.000000,  -20.403002,   38.638870,    0.000000,    0.000000,    9.458724, 5368.352783,    0.000000,    0.000000,    0.000000,    0.000000,    0.069605,   20.875080,   13.372079,   20.875080,   84.140698, -107.659118,  -19.194379,   -8.148713,  213.799763,    0.000000,    0.019149,    0.404480,    0.508984,   50.640150,    0.130545,    0.001500,    0.001000,    0.000000
2020-08-31 24:00:00,23556.394493,    0.000000,    0.000000,    0.000000,   13.824000,    3.456000,    0.000000,  -16.288594,   38.659187,    0.000000,    0.000000,    9.464811, 5371.370833,    0.000000,    0.000000,    0.000000,    0.000000,    0.069901,   20.485145,   13.414701,   20.485145,   68.112468,  -85.944952,  -16.693623,  -20.718165,  242.910407,    0.000000,    0.016741,    0.359060,    0.479556,   59.078638,    0.090312,    0.001500,    0.001000,    0.000000
2020-09-01 24:00:00,23545.926054,    0.000000,    0.000000,    0.000000,   13.824000,    3.456000,    0.000000,  -20.729473,    0.000000,    0.000000,    0.000000,    9.462872, 5370.409313,    0.000000,    0.000000,    0.000000,    0.000000,    0.070199,   20.356193,   13.445272,   20.356193,  115.378116, -109.441885,  -17.366983,    0.484010,  491.583513,    0.000000,    0.022013,    0.457468,    0.541297,   34.617793,    0.133795,    0.001500,    0.001000,    0.000000
2020-09-02 24:00:00,23536.664439,    0.000000,    0.000000,    0.000000,   13.824000,    3.456000,    0.000000,  -19.525541,    0.000000,    0.000000,    0.000000,    9.461156, 5369.558640,    0.000000,    0.000000,    0.000000,    0.000000,    0.070501,   20.735185,   13.490435,   20.735185,  167.365728, -103.084217,  -15.521941,   27.614631,  568.117092,    0.000000,    0.017138,    0.366615,    0.484575,   54.713281,    0.133571,    0.001500,    0.001000,    0.000000
2020-09-03 24:00:00,23531.124411,    0.000000,    0.000000,    0.000000,   13.824000,    3.456000,    0.000000,  -15.821661,    0.000000,    0.000000,    0.000000,    9.460130, 5369.049791,    0.000000,    0.000000,    0.000000,    0.000000,    0.070805,   20.866909,   13.534048,   20.866909,  131.169546,  -83.490957,  -13.347130,   23.007755,  261.050329,    0.000000,    0.012443,    0.275431,    0.420012,  100.519881,    0.133346,    0.001500,    0.001000,    0.000000
2020-09-04 24:00:00,23521.255034,    0.000000,    0.000000,    0.000000,   13.824000,    3.456000,    0.000000,  -20.124883,    0.000000,    0.000000,    0.000000,    9.458302, 5368.143295,    0.000000,    0.000000,    0.000000,    0.000000,    0.071112,   20.731600,   13.566378,   20.731600,   99.041746, -106.242482,   -8.202597,   19.715002,  355.446356,    0.000000,    0.019554,    0.412046,    0.513722,   45.260324,    0.133122,    0.001500,    0.001000,    0.000000
2020-09-05 24:00:00,23511.833689,    0.000000,    0.000000,    0.000000,   13.824000,    3.456000,    0.000000,  -19.676091,    0.000000,    0.000000,    0.000000,    9.456557, 5367.277951,    0.000000,    0.000000,    0.000000,    0.000000,    0.071422,   20.719791,   13.599558,   20.719791,  106.433225, -103.891197,   -6.795583,   24.071531,  306.480812,    0.000000,    0.021187,    0.442286,    0.532240,   39.199132,    0.132898,    0.001500,    0.001000,    0.000000
2020-09-06 24:00:00,23503.935469,    0.000000,    0.000000,    0.000000,   13.824000,    3.456000,    0.000000,  -18.158982,    0.000000,    0.000000,    0.000000,    9.455093, 5366.552504,    0.000000,    0.000000,    0.000000,    0.000000,    0.071734,   20.806737,   13.637149,   20.806737,  127.567246,  -95.902120,  -14.804345,    8.943215,  480.195585,    0.000000,    0.015550,    0.336216,    0.464050,   65.657043,    0.132674,    0.001500,    0.001000,    0.000000
2020-09-07 24:00:00,23498.747896,    0.000000,    0.000000,    0.000000,   13.824000,    3.456000,    0.000000,  -15.462502,    0.000000,    0.000000,    0.000000,    9.454132, 5366.076029,    0.000000,    0.000000,    0.000000,    0.000000,    0.072049,   21.497433,   13.682541,   21.497433,  174.874758,  -81.632196,  -14.267834,   32.112952,  595.412078,    0.000000,    0.010177,    0.229683,    0.383548,  144.233012,    0.132452,    0.001500,    0.001000,    0.000000
2020-09-08 24:00:00,23492.130694,    0.000000,    0.000000,    0.000000,   13.824000,    3.456000,    0.000000,  -16.881880,    0.000000,    0.000000,    0.000000,    9.452907, 5365.468243,    0.000000,    0.000000,    0.000000,    0.000000,    0.072366,   22.338355,   13.733454,   22.338355,  202.903484,  -89.053030,  -15.061240,   41.103127,  707.463112,    0.000000,    0.010550,    0.237301,    0.389857,  149.899295,    0.132306,    0.001500,    0.001000,    0.000000
2020-09-09 24:00:00,23481.063706,    0.000000,    0.000000,    0.000000,   13.824000,    3.456000,    0.000000,  -21.301407,    0.000000,    0.000000,    0.000000,    9.450856, 5364.451747,    0.000000,    0.000000,    0.000000,    0.000000,    0.072686,   22.853433,   13.787535,   22.853433,  195.629714, -112.283854,  -15.718954,   49.668046,  542.760222,    0.000000,    0.014373,    0.313399,    0.448027,   98.214170,    0.132160,    0.001500,    0.001000,    0.000000
2020-09-10 24:00:00,23466.731561,    0.000000,    0.000000,    0.000000,   13.824000,    3.456000,    0.000000,  -24.540907,    0.000000,    0.000000,    0.000000,    9.448201, 5363.135348,    0.000000,    0.000000,    0.000000,    0.000000,    0.073007,   22.916605,   13.836259,   22.916605,  157.546289, -129.342766,  -14.656004,   47.376570,  369.916847,    0.000000,    0.017935,    0.381664,    0.494420,   70.727778,    0.132015,    0.001500,    0.001000,    0.000000
2020-09-11 24:00:00,23454.676718,    0.000000,    0.000000,    0.000000,   13.824000,    3.456000,    0.000000,  -22.273234,    0.000000,    0.000000,    0.000000,    9.445968, 5362.028118,    0.000000,    0.000000,    0.000000,    0.000000,    0.073331,   23.325493,   13.881041,   23.325493,  164.424198, -117.406304,  -13.541184,   50.498185,  576.923504,    0.000000,    0.015154,    0.328555,    0.458732,   98.180247,    0.131869,    0.001500,    0.001000,    0.000000
2020-09-12 24:00:00,23445.768776,    0.000000,    0.000000,    0.000000,   13.824000,    3.456000,    0.000000,  -19.143870,    0.000000,    0.000000,    0.000000,    9.444318, 5361.209929,    0.000000,    0.000000,    0.000000,    0.000000,    0.073656,   24.109989,   13.929376,   24.109989,  192.343879, -100.844689,  -13.361969,   51.559826,  628.258670,    0.000000,    0.011678,    0.260110,    0.408163,  164.881158,    0.131723,    0.001500,    0.001000,    0.000000
2020-09-13 24:00:00,23437.368902,    0.000000,    0.000000,    0.000000,   13.824000,    3.456000,    0.000000,  -18.636517,    0.000000,    0.000000,    0.000000,    9.442762, 5360.438406,    0.000000,    0.000000,    0.000000,    0.000000,    0.073984,   24.731291,   14.005199,   24.731291,  193.944020,  -98.104616,  -13.364985,   37.732591,  581.643147,    0.000000,    0.011299,    0.252485,    0.402137,  188.325050,    0.131578,    0.001500,    0.001000,    0.000000
2020-09-14 24:00:00,23426.206506,    0.000000,    0.000000,    0.000000,   13.824000,    3.456000,    0.000000,  -21.376142,    0.000000,    0.000000,    0.000000,    9.440694, 5359.413147,    0.000000,    0.000000,    0.000000,    0.000000,    0.074313,   25.122350,   14.057502,   25.122350,  192.823733, -112.478244,  -12.951138,   33.288785,  614.540194,    0.000000,    0.013593,    0.298129,    0.436976,  146.047572,    0.131359,    0.001500,    0.001000,    0.000000
2020-09-15 24:00:00,23413.567634,    0.000000,    0.000000,    0.000000,   13.824000,    3.456000,    0.000000,  -22.837393,    0.000000,    0.000000,    0.000000,    9.438353, 5358.252274,    0.000000,    0.000000,    0.000000,    0.000000,    0.074644,   25.747552,   14.110429,   25.747552,  192.307076, -120.120886,  -12.150409,   58.582609,  624.866450,    0.000000,    0.014369,    0.313311,    0.447964,  142.402943,    0.131041,    0.001500,    0.001000,    0.000000
2020-09-16 24:00:00,23400.730337,    0.000000,    0.000000,    0.000000,   13.824000,    3.456000,    0.000000,  -23.029328,    0.000000,    0.000000,    0.000000,    9.435975, 5357.073176,    0.000000,    0.000000,    0.000000,    0.000000,    0.074976,   26.055490,   14.157924,   26.055490,  175.428055, -121.077071,  -13.701647,   48.225561,  501.554618,    0.000000,    0.013979,    0.305697,    0.442487,  157.220943,    0.130722,    0.001500,    0.001000,    0.000000
2020-09-17 24:00:00,23361.686221,    0.000000,    0.000000,    0.000000,   13.392000,    3.456000,    0.000000,  -48.587707,    0.000000,    0.000000,    0.000000,    9.428742, 5353.486998,    0.000000,    0.000000,    0.000000,    0.000000,    0.075310,   24.787109,   14.202677,   24.787109,  164.197708, -255.795499,  -32.192411,   39.188091,  500.309421,    0.000000,    0.030870,    0.615246,    0.627740,   36.731795,    0.130417,    0.001500,    0.001000,    0.000000
2020-09-18 24:00:00,23311.393457,    0.000000,    0.000000,    0.000000,   12.960000,    3.456000,    0.000000,  -59.272697,    0.000000,    0.000000,    0.000000,    9.419425, 5348.867639,    0.000000,    0.000000,    0.000000,    0.000000,    0.075646,   23.405473,   14.252836,   23.405473,  172.651687, -312.803412,  -44.159862,   40.075626,  506.001961,    0.000000,    0.035659,    0.697632,    0.668449,   23.906630,    0.130125,    0.001500,    0.001000,    0.000000
2020-09-19 24:00:00,23283.547137,    0.000000,    0.000000,    0.000000,   12.960000,    3.456000,    0.000000,  -36.997848,    0.000000,    0.000000,    0.000000,    9.414267, 5346.309972,    0.000000,    0.000000,    0.000000,    0.000000,    0.075982,   23.148620,   14.297134,   23.148620,  178.447252, -195.537596,  -29.731868,   37.237102,  208.530821,    0.000000,    0.021170,    0.441856,    0.531981,   55.633889,    0.129833,    0.001500,    0.001000,    0.000000
2020-09-20 24:00:00,23261.199696,    0.000000,    0.000000,    0.000000,   12.960000,    3.456000,    0.000000,  -31.537199,    0.000000,    0.000000,    0.000000,    9.410127, 5344.257373,    0.000000,    0.000000,    0.000000,    0.000000,    0.076320,   23.095043,   14.350987,   23.095043,  180.817561, -166.771294,  -26.113046,   32.572927,  507.737693,    0.000000,    0.018323,    0.388901,    0.499086,   69.547018,    0.129541,    0.001500,    0.001000,    0.000000
2020-09-21 24:00:00,23243.842692,    0.000000,    0.000000,    0.000000,   12.960000,    3.456000,    0.000000,  -26.586875,    0.000000,    0.000000,    0.000000,    9.406912, 5342.663143,    0.000000,    0.000000,    0.000000,    0.000000,    0.076659,   23.275872,   14.395501,   23.275872,  180.000934, -140.627902,  -21.839402,   38.915124,    0.000000,    0.000000,    0.015930,    0.343432,    0.469003,   89.497097,    0.129249,    0.001500,    0.001000,    0.000000
2020-09-22 24:00:00,23236.265087,    0.000000,    0.000000,    0.000000,   12.960000,    3.456000,    0.000000,  -19.307455,    2.403859,    0.000000,    0.000000,    9.405508, 5341.967145,    0.000000,    0.000000,    0.000000,    0.000000,    0.076999,   23.824110,   14.439762,   23.824110,  174.301784, -102.090058,  -15.257634,   44.810406,  519.141730,    0.000000,    0.011291,    0.252278,    0.401971,  169.696166,    0.128957,    0.001500,    0.001000,    0.000000
2020-09-23 24:00:00,23222.659934,    0.000000,    0.000000,    0.000000,   12.960000,    3.456000,    0.000000,  -27.671057,    4.806840,    0.000000,    0.000000,    9.402988, 5340.717520,    0.000000,    0.000000,    0.000000,    0.000000,    0.077340,   23.654767,   14.487140,   23.654767,  148.394014, -146.310185,  -19.582673,   43.473735,  365.429540,    0.000000,    0.018321,    0.388838,    0.499045,   74.871688,    0.128665,    0.001500,    0.001000,    0.000000
2020-09-24 24:00:00,23209.020904,    0.000000,    0.000000,    0.000000,   12.960000,    3.456000,    0.000000,  -42.202222,   19.222732,    0.000000,    0.000000,    9.400461, 5339.464784,    0.000000,    0.000000,    0.000000,    0.000000,    0.077681,   22.738965,   14.522682,   22.738965,  122.532850, -223.342715,  -30.040088,   14.628695,  354.417413,    0.000000,    0.032585,    0.644851,    0.642666,   23.726835,    0.131096,    0.001500,    0.001000,    0.000000
2020-09-25 24:00:00,23187.905085,    0.000000,    0.000000,    0.000000,   12.960000,    3.456000,    0.000000,  -47.443215,   16.814791,    0.000000,    0.000000,    9.396506, 5337.501492,    0.000000,    0.000000,    0.000000,    0.000000,    0.078024,   21.252028,   14.549494,   21.252028,   81.849318, -251.503238,  -48.489593,  -22.809866,  135.799597,    0.000000,    0.037408,    0.727197,    0.682467,   13.647651,    0.069727,    0.001500,    0.001000,    0.000000
2020-09-26 24:00:00,23220.010592,    0.000000,    0.000000,    0.000000,   12.960000,    3.456000,    0.000000,  -42.278999,   64.862037,    0.000000,    0.000000,    9.402497, 5340.474180,    0.000000,    0.000000,    0.000000,    0.000000,    0.078366,   19.528793,   14.569349,   19.528793,   46.913635, -224.435079,  -56.995451,  -51.687089,   52.990181,    0.000000,    0.035647,    0.697351,    0.668315,    9.299022,    0.095526,    0.001500,    0.001000,    0.000000
2020-09-27 24:00:00,23268.750367,    0.000000,    0.000000,    0.000000,   12.960000,    3.456000,    0.000000,  -28.482293,   67.311294,    0.000000,    0.000000,    9.411526, 5344.950898,    0.000000,    0.000000,    0.000000,    0.000000,    0.078710,   18.363577,   14.591300,   18.363577,   45.595104, -151.324086,  -41.842352,  -52.203102,   49.183914,    0.000000,    0.027011,    0.547351,    0.592091,    9.672938,    0.101167,    0.001500,    0.001000,    0.000000
2020-09-28 24:00:00,23262.382363,    0.000000,    0.000000,    0.000000,   12.960000,    3.456000,    0.000000,  -18.118393,    2.404909,    0.000000,    0.000000,    9.410346, 5344.366001,    0.000000,    0.000000,    0.000000,    0.000000,    0.079054,   18.002243,   14.616098,   18.002243,   70.899152,  -96.362463,  -25.198066,   -4.777542,   46.481752,    0.000000,    0.017121,    0.366192,    0.484295,   17.886450,    0.100897,    0.001500,    0.001000,    0.000000
2020-09-29 24:00:00,23260.021172,    0.000000,    0.000000,    0.000000,   12.960000,    3.456000,    0.000000,  -14.150519,    2.404727,    0.000000,    0.000000,    9.409909, 5344.149127,    0.000000,    0.000000,    0.000000,    0.000000,    0.079398,   17.785296,   14.640752,   17.785296,   68.893430,  -75.279666,  -19.025830,   -3.225531,  129.409690,    0.000000,    0.014751,    0.320701,    0.453216,   20.457068,    0.100645,    0.001500,    0.001000,    0.000000
2020-09-30 24:00:00,23261.683613,    0.000000,    0.000000,    0.000000,   12.960000,    3.456000,    0.000000,  -10.167301,    2.404710,    0.000000,    0.000000,    9.410217, 5344.301821,    0.000000,    0.000000,    0.000000,    0.000000,    0.079742,   17.661135,   14.662472,   17.661135,   62.305641,  -54.103086,  -12.977989,   -7.589869,  240.636414,    0.000000,    0.013199,    0.290328,    0.431221,   22.830298,    0.100412,    0.001500,    0.001000,    0.000000
2020-10-01 24:00:00,23268.159640,    0.000000,    0.000000,    0.000000,   12.960000,    3.456000,    0.000000,  -10.212309,    7.214624,    0.000000,    0.000000,    9.411416, 5344.896640,    0.000000,    0.000000,    0.000000,    0.000000,    0.080086,   17.672140,   14.684616,   17.672140,   68.027046,  -54.336668,  -12.543740,   10.912069,  164.154816,    0.000000,    0.013585,    0.297934,    0.436833,   21.565475,    0.100204,    0.001500,    0.001000,    0.000000
2020-10-02 24:00:00,23271.309420,    0.000000,    0.000000,    0.000000,   12.960000,    3.456000,    0.000000,  -13.506411,    7.215224,    0.000000,    0.000000,    9.412000, 5345.185945,    0.000000,    0.000000,    0.000000,    0.000000,    0.080430,   17.461728,   14.705549,   17.461728,   64.422747,  -71.870961,  -14.014783,   -4.474282,  200.709041,    0.000000,    0.019131,    0.404048,    0.508712,   10.370453,    0.099977,    0.001500,    0.001000,    0.000000
2020-10-03 24:00:00,23273.843324,    0.000000,    0.000000,    0.000000,   12.960000,    3.456000,    0.000000,  -16.522059,    9.620766,    0.000000,    0.000000,    9.412469, 5345.418683,    0.000000,    0.000000,    0.000000,    0.000000,    0.080774,   17.176168,   14.730157,   17.176168,   63.003076,  -87.934581,  -17.260585,    2.533455,  145.085198,    0.000000,    0.024066,    0.494648,    0.562864,    5.332098,    0.102606,    0.001500,    0.001000,    0.000000
2020-10-04 24:00:00,23267.103336,    0.000000,    0.000000,    0.000000,   12.960000,    3.456000,    0.000000,  -25.703539,    9.620428,    0.000000,    0.000000,    9.411221, 5344.799619,    0.000000,    0.000000,    0.000000,    0.000000,    0.081118,   16.575639,   14.761991,   16.575639,   54.975773, -136.887568,  -27.598559,   12.194195,  165.828400,    0.000000,    0.034775,    0.682509,    0.661164,    1.259395,    0.113322,    0.001500,    0.001000,    0.000000
2020-10-05 24:00:00,23267.017569,    0.000000,    0.000000,    0.000000,   12.960000,    3.456000,    0.000000,  -28.733868,   19.239654,    0.000000,    0.000000,    9.411205, 5344.791741,    0.000000,    0.000000,    0.000000,    0.000000,    0.081462,   15.800217,   15.051543,   15.800217,   53.299932, -153.142061,  -28.712687,   -1.663769,  116.365325,    0.000000,    0.040983,    0.787299,    0.710110,    0.000000,    0.108844,    0.001500,    0.001000,    0.000000
2020-10-06 24:00:00,23280.420282,    0.000000,    0.000000,    0.000000,   12.960000,    3.456000,    0.000000,  -22.597161,   26.457450,    0.000000,    0.000000,    9.413688, 5346.022772,    0.000000,    0.000000,    0.000000,    0.000000,    0.081805,   15.222660,   15.174436,   15.174436,   44.849304, -120.499265,  -27.379258,  -20.488261,   80.108772,    0.000000,    0.043686,    0.832180,    0.730069,    0.000000,    0.120239,    0.001500,    0.001000,    0.000000
2020-10-07 24:00:00,23276.702134,    0.000000,    0.000000,    0.000000,   12.960000,    3.456000,    0.000000,  -20.309324,    7.216320,    0.000000,    0.000000,    9.412999, 5345.681263,    0.000000,    0.000000,    0.000000,    0.000000,    0.082148,   14.942853,   14.720137,   14.720137,   45.868071, -108.373125,  -20.723086,   -4.890812,  102.886503,    0.000000,    0.046864,    0.884415,    0.752633,    0.000000,    0.120227,    0.001500,    0.001000,    0.000000
2020-10-08 24:00:00,23271.925263,    0.000000,    0.000000,    0.000000,   12.960000,    3.456000,    0.000000,  -16.545629,    2.405269,    0.000000,    0.000000,    9.412114, 5345.242510,    0.000000,    0.000000,    0.000000,    0.000000,    0.082490,   14.777035,   14.450860,   14.450860,   44.941658,  -88.330239,  -12.321868,    6.292048,   84.963721,    0.000000,    0.043233,    0.824680,    0.726772,    0.000000,    0.120212,    0.001500,    0.001000,    0.000000
2020-10-09 24:00:00,23289.519231,    0.000000,    0.000000,    0.000000,   12.960000,    3.456000,    0.000000,   -8.827431,   16.838618,    0.000000,    0.000000,    9.415373, 5346.858505,    0.000000,    0.000000,    0.000000,    0.000000,    0.082831,   14.714298,   14.318118,   14.318118,   38.039062,  -47.122658,   -5.609390,   -6.924876,   74.403318,    0.000000,    0.036097,    0.705056,    0.671997,    0.000000,    0.120269,    0.001500,    0.001000,    0.000000
2020-10-10 24:00:00,23302.859012,    0.000000,    0.000000,    0.000000,   12.960000,    3.456000,    0.000000,  -10.637525,   14.436969,    0.000000,    0.000000,    9.417844, 5348.083756,    0.000000,    0.000000,    0.000000,    0.000000,    0.083171,   14.535050,   14.266880,   14.390244,   67.586215,  -56.778187,  -12.243670,   21.577255,  274.537842,    0.000000,    0.027014,    0.547432,    0.592135,   -0.665594,    0.080096,    0.001500,    0.001000,    0.000000
2020-10-11 24:00:00,23297.048461,    0.000000,    0.000000,    0.000000,   12.960000,    3.456000,    0.000000,  -15.170557,    0.000000,    0.000000,    0.000000,    9.416768, 5347.550060,    0.000000,    0.000000,    0.000000,    0.000000,    0.083511,   14.717381,   14.293869,   14.436370,   97.560522,  -80.971712,  -20.094349,   27.111132,  277.264240,    0.000000,    0.021582,    0.449433,    0.536522,   -2.395541,    0.078809,    0.001500,    0.001000,    0.000000
2020-10-12 24:00:00,23293.091801,    0.000000,    0.000000,    0.000000,   12.960000,    3.456000,    0.000000,  -13.332969,    0.000000,    0.000000,    0.000000,    9.416035, 5347.186643,    0.000000,    0.000000,    0.000000,    0.000000,    0.083849,   14.562807,   14.303026,   14.352632,   81.412961,  -71.166810,  -19.373588,   10.362389,  167.529379,    0.000000,    0.018728,    0.396521,    0.503951,    0.000000,    0.084401,    0.001500,    0.001000,    0.000000
2020-10-13 24:00:00,23292.016069,    0.000000,    0.000000,    0.000000,   12.960000,    3.456000,    0.000000,  -10.478907,    0.000000,    0.000000,    0.000000,    9.415836, 5347.087838,    0.000000,    0.000000,    0.000000,    0.000000,    0.084186,   14.670535,   14.217254,   14.295302,   67.765466,  -55.940775,  -18.089666,    2.654221,  197.217854,    0.000000,    0.014363,    0.313153,    0.447851,    0.000000,    0.075508,    0.001500,    0.001000,    0.000000
2020-10-14 24:00:00,23298.359561,    0.000000,    0.000000,    0.000000,   12.960000,    3.456000,    0.000000,  -12.755018,    9.624497,    0.000000,    0.000000,    9.417011, 5347.670484,    0.000000,    0.000000,    0.000000,    0.000000,    0.084522,   14.519483,   13.970965,   13.970965,   52.556541,  -68.095293,  -23.028133,  -16.157114,   67.501690,    0.000000,    0.017924,    0.381393,    0.494245,    0.000000,    0.120297,    0.001500,    0.001000,    0.000000
2020-10-15 24:00:00,23301.680317,    0.000000,    0.000000,    0.000000,   12.960000,    3.456000,    0.000000,  -18.156699,   12.031606,    0.000000,    0.000000,    9.417626, 5347.975493,    0.000000,    0.000000,    0.000000,    0.000000,    0.084857,   14.107998,   13.303324,   13.303324,   34.698987,  -96.981257,  -31.641267,  -40.841026,   66.128539,    0.000000,    0.033904,    0.667617,    0.653912,    0.000000,    0.120308,    0.001500,    0.001000,    0.000000
2020-10-16 24:00:00,23295.967397,    0.000000,    0.000000,    0.000000,   12.960000,    3.456000,    0.000000,  -17.479830,    2.406280,    0.000000,    0.000000,    9.416568, 5347.450765,    0.000000,    0.000000,    0.000000,    0.000000,    0.085190,   13.767328,   12.750295,   12.750295,   34.145669,  -93.436756,  -26.750991,  -25.239061,   72.196394,    0.000000,    0.038310,    0.742517,    0.689618,    0.000000,    0.120290,    0.001500,    0.001000,    0.000000
2020-10-17 24:00:00,23293.713916,    0.000000,    0.000000,    0.000000,   12.960000,    3.456000,    0.000000,  -11.645893,    0.000000,    0.000000,    0.000000,    9.416150, 5347.243784,    0.000000,    0.000000,    0.000000,    0.000000,    0.085522,   13.601007,   12.480291,   12.480291,   35.922548,  -62.282501,  -18.277398,   -6.733442,   72.223436,    0.000000,    0.022820,    0.472068,    0.549867,    0.000000,    0.120282,    0.001500,    0.001000,    0.000000
2020-10-18 24:00:00,23295.919662,    0.000000,    0.000000,    0.000000,   12.960000,    3.456000,    0.000000,   -7.228974,    0.000000,    0.000000,    0.000000,    9.416559, 5347.446381,    0.000000,    0.000000,    0.000000,    0.000000,    0.085852,   13.066885,   12.340666,   12.347264,   35.361578,  -38.667376,  -13.002742,   -6.335137,   89.827040,    0.000000,    0.011672,    0.259951,    0.408038,    0.000000,    0.101544,    0.001500,    0.001000,    0.000000
2020-10-19 24:00:00,23298.003782,    0.000000,    0.000000,    0.000000,   12.960000,    3.456000,    0.000000,   -7.349716,    0.000000,    0.000000,    0.000000,    9.416945, 5347.637806,    0.000000,    0.000000,    0.000000,    0.000000,    0.086180,   13.455230,   12.245623,   12.407780,   58.123968,  -39.316443,  -12.037962,    1.834754,  204.837460,    0.000000,    0.012433,    0.275167,    0.419811, -129.987173,    0.073891,    0.001500,    0.001000,    0.000000
2020-10-20 24:00:00,23300.759771,    0.000000,    0.000000,    0.000000,   12.960000,    3.456000,    0.000000,   -6.684477,    0.000000,    0.000000,    0.000000,    9.417456, 5347.890942,    0.000000,    0.000000,    0.000000,    0.000000,    0.086507,   13.639201,   12.278682,   12.485318,   67.399623,  -35.749432,   -9.925583,    6.000453,  141.696812,    0.000000,    0.012052,    0.267564,    0.413971,    0.000000,    0.082117,    0.001500,    0.001000,    0.000000
2020-10-21 24:00:00,23305.043165,    0.000000,    0.000000,    0.000000,   12.960000,    3.456000,    0.000000,   -5.171763,    0.000000,    0.000000,    0.000000,    9.418249, 5348.284369,    0.000000,    0.000000,    0.000000,    0.000000,    0.086831,   15.041111,   12.313143,   12.779090,   57.189601,  -27.653617,   -3.317921,   18.542815,  126.583030,    0.000000,    0.012816,    0.282779,    0.425578,   -6.895586,    0.078897,    0.001500,    0.001000,    0.000000
2020-10-22 24:00:00,23311.657708,    0.000000,    0.000000,    0.000000,   12.960000,    3.456000,    0.000000,   -5.269365,    2.406676,    0.000000,    0.000000,    9.419474, 5348.891911,    0.000000,    0.000000,    0.000000,    0.000000,    0.087154,   15.045099,   12.348119,   13.857384,   66.745837,  -28.150359,    7.989041,   46.178071,  145.133087,    0.000000,    0.021172,    0.441909,    0.532013,    1.260005,    0.124488,    0.001500,    0.001000,    0.000000
2020-10-23 24:00:00,23321.161708,    0.000000,    0.000000,    0.000000,   12.960000,    3.456000,    0.000000,    0.000000,    0.000000,    0.000000,    0.000000,    9.421235, 5349.764847,    0.000000,    0.000000,    0.000000,    0.000000,    1.000000,   15.256783,   12.349229,   13.857384,    0.000000,    0.000000,    0.000000,    0.000000,  159.596651,    0.000000,    0.021172,    0.441909,    0.532013,    0.164410,    0.124458,    0.001500,    0.001000,    0.000000
