time,ShortWave,AirTemp,RelHum,WindSpeed,Cloud,Rain,Snow
2018-12-07,18.1,10.5,86.21,7.4,0.93,0.002,0
2018-12-08,21.5,7.2,85.38,8.8,0.79,0.013,0
2018-12-09,17.8,7.2,88.29,8.2,0.8,0.003,0
2018-12-10,30.7,4.5,86.88,5.7,0.58,0.001,0
2018-12-11,25.1,3.4,88.54,4.1,0.79,0.001,0
2018-12-12,28.6,2.6,85.54,2.7,0.71,0,0
2018-12-13,40.9,0.1,74.29,3.1,0.46,0,0
2018-12-14,17.3,0.3,66.21,3,0.96,0,0
2018-12-15,17.2,-0.3,70.46,1.8,0.95,0,0.001
2018-12-16,17.2,-0.7,90.33,1.7,1,0,0.003
2018-12-17,17.1,2.9,98.67,2.7,0.93,0.001,0
2018-12-18,30.7,4,91.58,2.1,0.88,0,0
2018-12-19,17.1,3.5,93.58,1.4,0.95,0.001,0
2018-12-20,17,6.5,90.54,4.2,0.91,0.002,0
2018-12-21,17,8.9,87.67,8.1,0.93,0.007,0
2018-12-22,35.6,10.2,80.46,6.7,0.75,0,0
2018-12-23,17.1,8.6,93.38,4.1,0.94,0.013,0
2018-12-24,30.5,4.3,88.08,3.8,0.56,0,0
2018-12-25,19.7,-0.4,89.38,2.3,0.69,0,0
2018-12-26,17.2,-1.8,99.33,2.5,0.81,0,0
2018-12-27,17.2,-1.2,98.83,1.8,1,0,0
2018-12-28,17.3,-0.7,97.38,2.7,1,0,0
2018-12-29,17.4,1.1,96.33,4.7,1,0.001,0
2018-12-30,17.5,5.6,89.38,4.8,0.94,0.001,0
2018-12-31,17.6,6.5,98.67,2.7,0.98,0,0
2019-01-01,17.7,6.2,90.83,5.8,0.93,0.003,0
2019-01-02,36.4,1.8,76.54,5.2,0.39,0,0
2019-01-03,18,-0.7,91.38,2.6,0.78,0,0
2019-01-04,30.6,1.1,93.29,3.1,0.93,0.004,0
2019-01-05,18.3,4.6,93.54,6.4,0.93,0.003,0
2019-01-06,18.5,5.5,91.25,5.2,0.9,0.001,0
2019-01-07,19.5,4.4,91.42,4.8,0.94,0.006,0
2019-01-08,19.9,4.7,90.92,7.7,0.86,0.005,0
2019-01-09,25.1,3,75.13,5.2,0.84,0,0
2019-01-10,19.4,1.3,73.79,3.6,0.88,0,0
2019-01-11,19.5,0,93.63,3.8,0.98,0,0.004
2019-01-12,19.7,3.4,98.54,5.5,0.96,0.007,0
2019-01-13,20,6.5,95.92,6.9,0.81,0.007,0
2019-01-14,30.6,4.4,85.67,5.2,0.61,0.004,0
2019-01-15,20.5,3.9,84.5,5.4,0.89,0,0
2019-01-16,21.9,4.9,76.92,5.1,0.9,0,0
2019-01-17,32.4,4.7,85.13,6.8,0.74,0.003,0
2019-01-18,61.4,0.4,82.21,2.7,0.68,0,0
2019-01-19,81,-3.2,83.88,2.1,0.49,0,0
2019-01-20,80.7,-5.2,86.04,2.1,0.3,0,0
2019-01-21,81.1,-6.1,85.83,1.8,0.06,0,0
2019-01-22,22.6,-5.1,85.29,1.5,0.81,0,0
2019-01-23,22.9,-2.5,76.5,2.2,1,0,0
2019-01-24,23.3,-3.3,82.21,2.4,0.93,0,0
2019-01-25,23.6,-1.5,84.33,3.6,0.96,0,0.001
2019-01-26,24,2.4,93.38,5.8,0.99,0.001,0
2019-01-27,24.8,5.1,88.13,6.1,0.93,0.005,0
2019-01-28,24.9,2.4,87.08,7.2,0.9,0.002,0
2019-01-29,32.3,1,85.88,3,0.78,0,0
2019-01-30,25.5,0.7,81.17,3.7,0.93,0.001,0
2019-01-31,25.9,-0.3,86.92,1.8,0.74,0,0.001
2019-02-01,26.4,2.1,91.83,2,0.94,0.001,0
2019-02-02,26.8,3.4,97.71,1.8,0.98,0,0
2019-02-03,27.2,2.5,78.96,4.2,0.93,0,0
2019-02-04,87.1,0.2,81.08,2.3,0.61,0,0
2019-02-05,29.1,1.4,80.92,1.9,0.81,0,0
2019-02-06,90.7,-0.3,85.83,1.6,0.6,0,0
2019-02-07,30.2,2.4,89.25,2.7,0.79,0.001,0
2019-02-08,29.6,6.9,74.79,5.3,0.89,0.001,0
2019-02-09,37.3,7.2,81.96,7.3,0.86,0.002,0
2019-02-10,30.9,8.1,77.04,7.2,0.96,0.003,0
2019-02-11,38.4,4.7,77.83,6.6,0.78,0,0
2019-02-12,36.1,2.4,82.13,3.6,0.73,0,0
2019-02-13,99.2,1.6,81.04,1.6,0.49,0,0
2019-02-14,95.5,1.1,84.29,1.4,0.48,0,0
2019-02-15,126.4,5,73.88,2.5,0.03,0,0
2019-02-16,127.5,3.4,80.29,1.5,0.05,0,0
2019-02-17,128.1,3.4,79.08,1.3,0.63,0,0
2019-02-18,123.9,4.1,73.88,1.4,0.25,0,0
2019-02-19,69.4,7.1,72.46,2.9,0.69,0.001,0
2019-02-20,83.7,4.2,83.42,1.8,0.79,0,0
2019-02-21,61.2,6.3,85.83,2.1,0.7,0,0
2019-02-22,45.7,8.7,79.79,3,0.71,0,0
2019-02-23,129.2,3.9,66.04,2.7,0.6,0,0
2019-02-24,144.6,3.1,53.04,2.3,0.35,0,0
2019-02-25,146.3,5.4,55.08,2.1,0.46,0,0
2019-02-26,147.5,6.5,67.58,1.6,0.38,0,0
2019-02-27,150.6,5.9,68.17,1.4,0.03,0,0
2019-02-28,130.1,10.6,61.96,5,0.38,0.007,0
2019-03-01,42.4,8.6,87.54,4.6,0.9,0.001,0
2019-03-02,43.9,8.1,81.25,4.1,0.93,0,0
2019-03-03,42.6,10.4,73.88,7.1,0.93,0,0
2019-03-04,51.5,9.3,72.71,8.4,0.86,0.004,0
2019-03-05,68.9,6,82.5,6.7,0.8,0.002,0
2019-03-06,110.4,9.5,70.54,2.6,0.9,0.001,0
2019-03-07,80.8,10.4,67.08,8.2,0.76,0.002,0
2019-03-08,64.9,7.3,78.42,7,0.76,0.003,0
2019-03-09,55.7,9.5,72.5,9,0.88,0.004,0
2019-03-10,81.5,9.8,73.88,9.3,0.84,0.003,0
2019-03-11,105.8,5.4,62.83,7.7,0.64,0,0
2019-03-12,115.4,6.7,56.54,5.6,0.81,0,0
2019-03-13,60.3,6.1,76.13,9,0.76,0.004,0
2019-03-14,60.4,5.5,91.92,7.1,0.85,0.011,0
2019-03-15,51.5,9.3,87.92,8.7,0.9,0.004,0
2019-03-16,50.3,10.7,77.38,6.9,0.84,0,0
2019-03-17,55.4,7.9,79,7,0.69,0.003,0
2019-03-18,105.3,5,78.29,4.5,0.48,0,0
2019-03-19,182.6,3.7,72.67,1.5,0.19,0,0
2019-03-20,196.5,4.2,69.42,1.4,0.35,0,0
2019-03-21,202.1,7.2,61.79,2.1,0.5,0,0
2019-03-22,201.9,9.3,62.75,2.1,0.34,0,0
2019-03-23,196.3,9.2,70.08,2.6,0.43,0,0
2019-03-24,104.8,7.3,78.21,3.2,0.44,0,0
2019-03-25,97.2,4.5,79.08,4.7,0.63,0.002,0
2019-03-26,91.1,4.6,78.13,3.1,0.64,0,0
2019-03-27,108.6,5.4,74.13,1.1,0.53,0,0
2019-03-28,121.2,7.3,73.92,2.4,0.6,0,0
2019-03-29,195.7,8.8,73.08,2.5,0.16,0,0
2019-03-30,195.7,10,66.58,2.3,0.19,0,0
2019-03-31,183.1,10.9,63.25,4,0.26,0,0
2019-04-01,216.6,10.7,62.25,3.7,0.09,0,0
2019-04-02,145.9,13,59.21,3.7,0.74,0,0
2019-04-03,61.1,8.5,84.42,3.1,0.99,0.008,0
2019-04-04,61.7,5.2,94.33,3,0.96,0.002,0
2019-04-05,62.3,6.5,93.08,1.9,0.98,0,0
2019-04-06,145.6,9.6,80.92,2.1,0.76,0,0
2019-04-07,208.7,12.6,66.42,2.2,0.56,0,0
2019-04-08,103.5,12,80.04,3.1,0.85,0,0
2019-04-09,78.3,10.8,86.17,2,0.86,0.011,0
2019-04-10,153.7,9.5,65.75,5.6,0.65,0,0
2019-04-11,247.6,6.8,50.71,5.2,0.09,0,0
2019-04-12,111.7,4.4,56.88,4.5,0.69,0,0
2019-04-13,97.5,3.7,71.92,4.1,0.91,0.004,0
2019-04-14,201.9,5.9,70.33,4.9,0.73,0,0
2019-04-15,244.9,9.9,62.54,3.2,0.19,0,0
2019-04-16,213.9,11.9,56.92,3.3,0.54,0.003,0
2019-04-17,158,12.4,74.5,2.4,0.73,0,0
2019-04-18,251.2,14,54.71,3.6,0.29,0,0
2019-04-19,267,14.4,52.58,3.1,0.06,0,0
2019-04-20,267.5,15.5,49.83,3,0.04,0,0
2019-04-21,269.2,15.1,51.79,2.7,0.1,0,0
2019-04-22,264.5,16.3,43.79,3.9,0.5,0,0
2019-04-23,185.5,15.9,54.88,3.1,0.83,0,0
2019-04-24,222.5,15.9,63.17,3.6,0.55,0.001,0
2019-04-25,183.6,14.5,62.96,3.4,0.51,0.001,0
2019-04-26,76.7,10.2,87.67,4.1,0.84,0.003,0
2019-04-27,131.4,9,90.67,4.2,0.78,0.008,0
2019-04-28,195.6,7.9,77.63,3.3,0.59,0,0
2019-04-29,149.8,8.1,85.67,1.9,0.84,0.002,0
2019-04-30,267.5,12.5,66.25,4.3,0.33,0,0
2019-05-01,270,12,68.79,1.7,0.15,0,0
2019-05-02,222.6,12.4,72.08,3.2,0.7,0,0
2019-05-03,179.4,11,63.54,4.9,0.66,0.002,0
2019-05-04,117.8,5.5,85.25,3.3,0.79,0.004,0
2019-05-05,157.3,5.6,71.71,2.3,0.55,0,0
2019-05-06,156.7,7.1,70.29,3,0.7,0,0
2019-05-07,163.2,9.1,66.58,2,0.84,0,0
2019-05-08,80.2,9.6,88.67,2.7,0.95,0.005,0
2019-05-09,111.2,10.3,93.46,3.2,0.78,0.01,0
2019-05-10,214.3,13,71.79,4.6,0.59,0.018,0
2019-05-11,82.2,9.8,95.58,3.7,0.93,0.01,0
2019-05-12,184.3,8.6,70.92,3.6,0.35,0,0
2019-05-13,309.6,10.3,51.83,5.1,0.18,0,0
2019-05-14,265.2,9.3,56.54,4.7,0.26,0,0
2019-05-15,275.6,9,56.42,4.2,0.35,0,0
2019-05-16,136.8,10.4,69.04,3.7,0.86,0,0
2019-05-17,165.5,13.3,73.96,3,0.79,0,0
2019-05-18,167,15.2,75.29,2.4,0.79,0.001,0
2019-05-19,224.1,15.9,81.58,2,0.76,0.004,0
2019-05-20,128.1,13.6,90.75,4.3,0.81,0.022,0
2019-05-21,84.8,12.3,97.46,6.4,0.96,0.014,0
2019-05-22,194.1,12.6,81.54,3.9,0.64,0,0
2019-05-23,281,13.3,74.13,1.7,0.63,0,0
2019-05-24,268.1,15.9,68.29,1.7,0.79,0,0
2019-05-25,280.3,16.6,66.5,3.3,0.54,0,0
2019-05-26,276.8,16.2,66.33,3.3,0.63,0,0
2019-05-27,113.6,15.3,84.13,3.4,0.84,0.012,0
2019-05-28,174.9,13.8,83.96,3,0.84,0.007,0
2019-05-29,223.3,13.4,72.58,3.1,0.55,0,0
2019-05-30,209.3,15,73.75,3.4,0.7,0,0
2019-05-31,237.1,19.2,70.71,2.4,0.65,0,0
2019-06-01,326.2,20,70.25,1.7,0.6,0,0
2019-06-02,326.3,22.1,63.17,2.8,0.38,0,0
2019-06-03,257.1,20.2,78,2.9,0.48,0.023,0
2019-06-04,302.8,22.4,65.42,2.5,0.39,0.001,0
2019-06-05,286.3,23.1,64.46,2.3,0.39,0.005,0
2019-06-06,112.5,13.8,85.29,4.6,0.76,0.003,0
2019-06-07,216.5,14.7,82,3.6,0.58,0.007,0
2019-06-08,234.2,15.5,61.54,6.8,0.5,0,0
2019-06-09,254.7,17.1,67.58,2.2,0.69,0,0
2019-06-10,153.3,18.3,78.21,3.4,0.86,0.012,0
2019-06-11,129.1,17.1,82.25,2.5,0.85,0,0
2019-06-12,182.1,15.5,87.21,3.5,0.69,0.005,0
2019-06-13,297.9,17.6,68.13,3.4,0.38,0,0
2019-06-14,152.2,17.7,80.75,2,0.66,0,0
2019-06-15,246.6,18.9,75.75,4,0.58,0.006,0
2019-06-16,194.6,17.6,79.04,2.7,0.64,0.001,0
2019-06-17,323.1,19.1,72.92,2.3,0.23,0,0
2019-06-18,283.7,22.2,70.88,2,0.6,0,0
2019-06-19,283.7,22.8,72.04,3.2,0.51,0.004,0
2019-06-20,211.7,19.5,83.29,4.1,0.75,0.005,0
2019-06-21,254.5,19.1,69.13,2.6,0.45,0,0
2019-06-22,230,18.6,74.33,3.8,0.6,0.003,0
2019-06-23,291.8,21.1,74.63,2.7,0.44,0,0
2019-06-24,337.2,23.3,71.5,2.9,0.53,0,0
2019-06-25,307,25.3,69.04,2.3,0.55,0,0
2019-06-26,324.9,27.9,62.92,2.2,0.09,0,0
2019-06-27,318.4,24.5,51.08,5.2,0.09,0,0
2019-06-28,341.9,20.4,58.79,4,0.03,0,0
2019-06-29,341.7,22.4,55.29,2.4,0.01,0,0
2019-06-30,328.6,27,53.5,3.8,0.14,0,0
2019-07-01,214.2,23.9,55.38,3.8,0.65,0,0
2019-07-02,311.6,19.5,53,3.2,0.21,0,0
2019-07-03,336.3,18.6,49.67,3.7,0.23,0,0
2019-07-04,329.3,18.4,51.38,2.6,0.29,0,0
2019-07-05,215.8,20.3,54.46,2.3,0.68,0,0
2019-07-06,244.7,23,47.54,4.4,0.53,0,0
2019-07-07,161.3,17.6,63.5,4.2,0.66,0.003,0
2019-07-08,267.9,14.7,62.5,3.2,0.48,0,0
2019-07-09,226.5,13.6,63.96,2.9,0.58,0,0
2019-07-10,320.3,16.6,55.46,2.4,0.7,0,0
2019-07-11,91.6,16.4,80.08,2.6,0.91,0.007,0
2019-07-12,125.1,16.1,92.63,3.1,0.74,0.017,0
2019-07-13,158.4,16.4,87.17,3.8,0.74,0.007,0
2019-07-14,98.8,16.4,74.75,3.5,0.85,0,0
2019-07-15,185.9,16.5,70.46,3.6,0.73,0,0
2019-07-16,291.3,16.5,69.13,2.3,0.44,0,0
2019-07-17,301.1,18.3,67.38,3.1,0.43,0,0
2019-07-18,212.5,19.6,68.38,2.6,0.83,0,0
2019-07-19,150.8,19.9,74.79,3.1,0.89,0,0
2019-07-20,243,23.4,62.71,3.7,0.69,0,0
2019-07-21,214.5,22.5,61.92,3.1,0.69,0,0
2019-07-22,309.5,22.1,61.63,1.8,0.58,0,0
2019-07-23,319.6,24.9,56.67,2.2,0.39,0,0
2019-07-24,310,27.2,54.04,2.3,0.2,0,0
2019-07-25,298.5,28.5,50.92,2.4,0.16,0,0
2019-07-26,228.3,28.7,45.21,2.7,0.58,0,0
2019-07-27,108.5,23,73.58,2.4,0.81,0.005,0
2019-07-28,108.6,20.5,85,3.6,0.88,0,0
2019-07-29,185.9,20.8,71.67,3,0.63,0,0
2019-07-30,238,22.7,63.33,3.5,0.4,0,0
2019-07-31,213.2,20.5,57.83,4.8,0.5,0,0
2019-08-01,259.1,19.3,58.79,2.5,0.51,0,0
2019-08-02,145.9,18.4,75.5,1.9,0.75,0.003,0
2019-08-03,185.5,18.3,78.42,3.5,0.59,0,0
2019-08-04,254.9,19.8,66.96,2,0.45,0,0
2019-08-05,172.9,21.1,66.67,2.9,0.88,0.001,0
2019-08-06,94.3,19.9,81.21,2.2,0.83,0.013,0
2019-08-07,111.4,19,86.83,3.2,0.84,0,0
2019-08-08,232.7,20.6,70.83,3.4,0.56,0,0
2019-08-09,126,21.3,78.83,1.9,0.71,0.008,0
2019-08-10,154.8,21,72.21,5.6,0.59,0,0
2019-08-11,194,19,69.54,3.5,0.65,0.002,0
2019-08-12,212.6,17,77.08,3.4,0.55,0.004,0
2019-08-13,187.4,16.5,67.58,3.9,0.66,0,0
2019-08-14,199.6,16.7,68.04,2.3,0.58,0,0
2019-08-15,96.4,17.3,78.75,4,0.86,0.004,0
2019-08-16,217.3,17.6,73.58,3.3,0.64,0,0
2019-08-17,75.6,17.9,80.54,3.2,0.95,0.003,0
2019-08-18,143.9,21.3,79.67,5,0.79,0.012,0
2019-08-19,198.4,18.6,71.96,3,0.56,0,0
2019-08-20,72.3,15.6,78.29,1.7,0.84,0,0
2019-08-21,216.6,16.3,70.25,1.5,0.35,0,0
2019-08-22,266.1,17.3,67.08,2.1,0.14,0,0
2019-08-23,264.7,18.9,63.71,2.2,0.05,0,0
2019-08-24,261.8,20.6,65.54,2.2,0.16,0,0
2019-08-25,230.8,22.3,69.33,1.8,0.19,0,0
2019-08-26,214.2,23.4,68.17,1.6,0.13,0,0
2019-08-27,233.5,23.6,69.67,1.7,0.28,0,0
2019-08-28,177.1,23.5,65,2.6,0.73,0,0
2019-08-29,182.5,22.7,70.46,NA,0.51,0,0
2019-08-30,214.7,21.4,68,NA,0.2,0,0
2019-08-31,240.4,23.6,58.63,2.9,0.14,0.001,0
2019-09-01,154.4,19.5,70.33,3.7,0.78,0,0
2019-09-02,229.4,14.3,65.83,2.5,0.28,0,0
2019-09-03,230.9,15.2,61.5,2.6,0.21,0,0
2019-09-04,217,17.7,63.54,3.3,0.29,0,0
2019-09-05,153.3,16.1,66.21,4.1,0.69,0,0
2019-09-06,215.8,12.4,68.13,2.2,0.45,0,0
2019-09-07,61.9,11.6,86,1.7,0.94,0.014,0
2019-09-08,61.7,12.7,92.08,2.3,0.98,0.007,0
2019-09-09,86.3,12,91.38,2.4,0.8,0.001,0
2019-09-10,170.2,11.9,78.13,1.6,0.25,0,0
2019-09-11,168.6,14.3,68.04,2.6,0.44,0,0
2019-09-12,127.4,18.5,70.63,3.2,0.58,0,0
2019-09-13,92.4,17.3,80.25,2.6,0.5,0,0
2019-09-14,212.5,16.1,74.58,3.4,0.29,0,0
2019-09-15,214.5,16.1,74.75,2.1,0.4,0,0
2019-09-16,63.7,15.6,74.92,2.1,0.78,0,0
2019-09-17,168.4,15.5,64.29,4,0.65,0,0
2019-09-18,195.5,10.2,68.92,3,0.21,0,0
2019-09-19,201.2,9.3,69.13,4.2,0.36,0,0
2019-09-20,195.7,9.6,68.88,2.6,0.44,0,0
2019-09-21,202.1,12.1,64.54,3.7,0.01,0,0
2019-09-22,162.7,15.5,68.38,2,0.58,0.007,0
2019-09-23,82.4,14.7,89.13,3.1,0.79,0.008,0
2019-09-24,69.2,13.5,87.38,1.8,0.86,0.005,0
2019-09-25,88.2,14.7,89.46,4.3,0.85,0.006,0
2019-09-26,50,15.5,91.54,3.7,0.89,0.003,0
2019-09-27,68.4,14.7,92.21,3.8,0.78,0.014,0
2019-09-28,78.1,14.8,80.67,4.9,0.73,0,0
2019-09-29,77.2,16.2,74.71,5.7,0.84,0.011,0
2019-09-30,62.6,14.5,76.83,6.4,0.78,0,0
2019-10-01,49.9,14.9,85.75,4.3,0.86,0.012,0
2019-10-02,72,11.7,80.25,4.7,0.68,0,0
2019-10-03,59,9.3,84.13,3.6,0.83,0.001,0
2019-10-04,45.3,9.8,92.67,3.1,0.91,0.007,0
2019-10-05,55.1,9.9,86.63,3.8,0.75,0,0
2019-10-06,43.9,8,92.04,4.5,0.98,0.018,0
2019-10-07,43.3,9.7,91.75,2.3,0.95,0.001,0
2019-10-08,42.7,12,95.04,4.2,0.95,0.024,0
2019-10-09,64.9,11.1,91.58,4.6,0.73,0.011,0
2019-10-10,85.7,11.3,83.5,5,0.71,0,0
2019-10-11,46.8,13,83.17,3,0.74,0,0
2019-10-12,113.1,16.5,74.5,3.4,0.4,0,0
2019-10-13,129.8,18.8,73.5,2.6,0.31,0,0
2019-10-14,146.5,17.1,75.88,2,0.31,0,0
2019-10-15,65.8,14.6,86.67,2.9,0.79,0.005,0
2019-10-16,52.1,13,82,3.7,0.84,0.001,0
2019-10-17,44.3,14.7,79.92,3.8,0.93,0.005,0
2019-10-18,65.5,13.3,84.83,4.2,0.79,0.001,0
2019-10-19,37.5,13.1,85.38,2.7,0.96,0.004,0
2019-10-20,42.6,14.3,93.25,2.1,0.93,0,0
2019-10-21,45,14.7,85.71,2.6,0.86,0,0
2019-10-22,93,12,86.17,1.7,0.7,0,0
2019-10-23,34.1,11.3,92.75,3.7,0.79,0,0
2019-10-24,59.7,13.7,87.42,2.2,0.85,0,0
2019-10-25,101.8,12.5,82.04,3.3,0.75,0,0
2019-10-26,83.9,12.6,81.92,2.2,0.78,0,0
2019-10-27,35.9,11.4,83.33,2.3,0.88,0.002,0
2019-10-28,35.2,4.6,95.17,2,0.76,0,0
2019-10-29,39.3,5.6,89.88,3.8,0.66,0,0
2019-10-30,69.5,4.2,81.13,4.3,0.48,0,0
2019-10-31,112,3,79.25,3.9,0.08,0,0
2019-11-01,29.6,7.1,92.42,3,0.9,0.006,0
2019-11-02,36.9,13.3,86.88,5.1,0.93,0.005,0
2019-11-03,32.4,12.2,85.25,3.6,0.91,0.002,0
2019-11-04,40.5,9.9,92.75,4.4,0.85,0.016,0
2019-11-05,70.1,8.3,86.58,3.1,0.64,0.003,0
2019-11-06,29,8.5,91.83,3,0.88,0.001,0
2019-11-07,39.2,8,87.54,3.8,0.83,0.002,0
2019-11-08,26.5,5.3,95.88,2.2,0.98,0.009,0
2019-11-09,68,4.6,92.25,2.7,0.61,0,0
2019-11-10,25.6,1.8,95.29,2.5,0.91,0,0
2019-11-11,25.2,2.6,92,2.5,0.99,0.003,0
2019-11-12,29.4,4.9,88.25,3.8,0.75,0.002,0
2019-11-13,24.9,3.8,90.04,2.9,0.84,0,0
2019-11-14,69.3,3.9,81.63,4.1,0.79,0,0
2019-11-15,29.6,3.8,83.79,3.7,0.94,0,0
2019-11-16,52,2.3,92.08,1.6,0.48,0,0
2019-11-17,23,3.7,95.58,3.5,1,0.001,0
2019-11-18,22.7,4,90.13,3.9,1,0.001,0
2019-11-19,27.7,3.7,91.17,2,0.76,0,0
2019-11-20,39.2,1.2,91.92,2.5,0.73,0,0
2019-11-21,25.5,2.1,90.38,1.9,0.85,0,0
2019-11-22,21.4,2.9,89.21,3.4,0.89,0,0
2019-11-23,37.5,5.8,82.13,5.6,0.86,0,0
2019-11-24,34.8,2.9,93.5,1.5,0.85,0,0
2019-11-25,20.6,4.2,96.5,1.1,0.98,0.001,0
2019-11-26,20.6,7.9,91.21,1.6,0.95,0,0
2019-11-27,20.7,9.5,83.29,4.3,0.9,0.004,0
2019-11-28,23,9.7,83.21,7.1,0.85,0.006,0
2019-11-29,23,6.1,86.58,3.5,0.8,0.002,0
2019-11-30,67,1.9,87.92,2.3,0.41,0,0
2019-12-01,19.1,0.7,82.5,4,0.95,0,0
2019-12-02,46.6,0.8,85.71,2.5,0.56,0,0
2019-12-03,18.7,2.5,92.13,1.6,0.86,0,0
2019-12-04,58.3,-0.1,88.25,2.8,0.35,0,0
2019-12-05,18.4,-2.7,95.88,2.2,0.71,0,0
2019-12-06,18.2,2,91.38,4.5,1,0.009,0
2019-12-07,18.2,7.7,89.92,5,0.9,0.001,0
2019-12-08,17.9,8.7,84.04,6.8,0.94,0.004,0
2019-12-09,21.6,6.5,85.75,5.7,0.81,0.005,0
2019-12-10,56.6,2,85.92,3.4,0.41,0,0
2019-12-11,17.6,2.3,83.04,2.3,0.98,0.01,0
2019-12-12,20.7,2.9,91.88,3,0.79,0.001,0
2019-12-13,17.4,3.5,89.63,3.9,0.91,0.011,0
2019-12-14,30.9,6.4,78.58,7.4,0.78,0.008,0
2019-12-15,17.2,8.4,87.33,4.5,0.91,0.003,0
2019-12-16,17.5,8.3,87.88,1.1,0.89,0,0
2019-12-17,29.7,9.7,77.71,1.4,0.86,0,0
2019-12-18,31.3,8.6,85.25,2.6,0.64,0,0
2019-12-19,37.8,2.7,95.88,2,0.46,0,0
2019-12-20,17,4.1,95.79,3.4,0.81,0.008,0
2019-12-21,54.1,5,88.92,2.5,0.54,0.002,0
2019-12-22,17.1,7.6,83.29,3.7,0.93,0.001,0
2019-12-23,25.2,7.2,83.33,4.6,0.73,0.001,0
2019-12-24,17.4,6.7,86.71,5,0.76,0.004,0
2019-12-25,19.3,6.8,86.63,4,0.7,0,0
2019-12-26,27.4,4.3,90.58,1.5,0.88,0.001,0
2019-12-27,17.2,3.8,91.67,3.4,0.86,0,0
2019-12-28,49.9,-1,87.46,2.5,0.8,0,0
2019-12-29,61.7,-1.9,84.54,2.9,0.55,0,0
2019-12-30,61.5,-2,87.13,1.5,0.58,0,0
2019-12-31,17.6,-0.5,90.63,2.4,0.91,0,0
2020-01-01,63.6,-0.7,89.58,2.8,0.23,0,0
2020-01-02,17.9,-0.4,96.67,1.7,0.96,0,0
2020-01-03,18,6.2,86.92,4.3,0.94,0.001,0
2020-01-04,18.2,4,83.92,4.4,0.81,0,0
2020-01-05,18.3,5,89.21,1.9,0.9,0.001,0
2020-01-06,18.5,-0.3,96.08,1.8,0.9,0,0
2020-01-07,37.3,3.7,91.38,2.7,0.73,0.001,0
2020-01-08,18.9,5.9,89.38,3.3,0.98,0.005,0
2020-01-09,19.1,10,88.33,3.2,0.99,0.007,0
2020-01-10,38.3,7.8,86.83,4.4,0.8,0.003,0
2020-01-11,43.5,1.8,88.04,1.7,0.6,0,0
2020-01-12,19.7,2.8,84.96,3.9,0.81,0,0
2020-01-13,20,5.5,85.42,3.1,0.89,0,0
2020-01-14,20.6,9.3,58.21,4.4,0.88,0,0
2020-01-15,69.2,10.9,57.58,3.7,0.68,0,0
2020-01-16,73.3,7.8,78.75,1.7,0.34,0,0
2020-01-17,38.4,4.5,84.38,1.8,0.51,0,0
2020-01-18,39.2,3.9,82.38,3.5,0.73,0,0
2020-01-19,26.3,2.7,84.79,2.7,0.79,0,0
2020-01-20,66.7,0.5,85.21,2.7,0.34,0,0
2020-01-21,84,-2.3,85.67,1.9,0.13,0,0
2020-01-22,22.6,-3.7,93.54,1.5,0.65,0,0
2020-01-23,37.5,0.7,85.71,2.7,0.84,0,0
2020-01-24,23.3,0.2,86.58,1.8,1,0,0
2020-01-25,23.6,0.8,94.33,1.1,1,0,0
2020-01-26,24,1.1,96.67,1.5,1,0,0
2020-01-27,24.4,5.3,91.58,3.7,1,0.013,0
2020-01-28,27,4.5,85.96,6.8,0.79,0.006,0
2020-01-29,28.7,3.7,81.46,5.2,0.79,0,0
2020-01-30,37.3,6.7,80.08,4.9,0.86,0,0
2020-01-31,29.5,11.8,83.21,6.1,0.84,0,0
2020-02-01,26.4,10.6,89.29,6.2,0.88,0.016,0
2020-02-02,26.8,9.5,86.21,5.4,0.85,0.005,0
2020-02-03,35.5,9.6,82.79,5.8,0.94,0.023,0
2020-02-04,63.2,4.6,83.96,5.1,0.8,0.001,0
2020-02-05,106.4,2.1,78.13,2.9,0.26,0,0
2020-02-06,35.5,-0.6,85.58,1.3,0.53,0,0
2020-02-07,109.5,0.5,81.21,3.7,0.06,0,0
2020-02-08,51.8,1.2,83.13,1.3,0.69,0,0
2020-02-09,50.1,8.4,69.17,6.1,0.89,0.008,0
2020-02-10,59.2,8.5,72.63,10.5,0.81,0.003,0
2020-02-11,79.3,5,66.04,9.2,0.54,0.001,0
2020-02-12,67.6,3.2,81,6.7,0.64,0.001,0
2020-02-13,31.9,4.3,83.54,3.1,0.85,0.008,0
2020-02-14,41.6,6.4,81.38,3.8,0.83,0,0
2020-02-15,95.1,7.2,75.33,2.3,0.78,0,0
2020-02-16,48.5,14.4,46.92,7,0.9,0.001,0
2020-02-17,38.8,8.3,81.92,5.1,0.91,0.005,0
2020-02-18,39.9,6.8,70.92,6.8,0.85,0.001,0
2020-02-19,57.3,5.7,69.75,5.8,0.74,0,0
2020-02-20,38.5,7.3,71.83,5.9,0.94,0.002,0
2020-02-21,84.2,5.4,68.79,5.9,0.63,0,0
2020-02-22,79.6,7.7,64,6.7,0.66,0,0
2020-02-23,37.3,10.1,80.33,9,0.96,0.004,0
2020-02-24,37.8,7.7,80.08,4.6,0.91,0.006,0
2020-02-25,73.8,7.7,85.21,6.8,0.83,0.005,0
2020-02-26,62.8,3.3,81.25,6.9,0.84,0.001,0
2020-02-27,39.5,2.1,87.79,5.1,0.9,0.013,0
2020-02-28,120.4,4.2,71.92,4.9,0.73,0.001,0
2020-02-29,65,9.3,71.38,5,0.85,0.004,0
2020-03-01,76,8.2,70.58,5.9,0.86,0.009,0
2020-03-02,88.7,6,81.38,4,0.88,0.007,0
2020-03-03,110,4.3,82,4,0.56,0,0
2020-03-04,75.2,4.7,79.58,3.4,0.79,0,0
2020-03-05,43.7,5.9,86.38,3,0.96,0.012,0
2020-03-06,44.3,5.6,87.88,5.6,0.9,0.018,0
2020-03-07,78.7,5.5,72.42,4.1,0.73,0,0
2020-03-08,69.8,8.1,66.29,4.6,0.91,0.002,0
2020-03-09,108.3,7.6,78.67,4.3,0.66,0.005,0
2020-03-10,46.7,7.3,90.46,6.1,0.98,0.008,0
2020-03-11,47.4,12.8,80.29,7.5,0.86,0,0
2020-03-12,52,10.6,71.54,7.2,0.75,0.001,0
2020-03-13,77.2,6.8,65.08,5.9,0.65,0,0
2020-03-14,91.7,4.4,79.71,2,0.59,0,0
2020-03-15,183,6.7,68.96,2.5,0.75,0,0
2020-03-16,180.9,9.2,68.13,1.5,0.7,0,0
2020-03-17,111.3,10.8,73.67,2,0.63,0,0
2020-03-18,126.6,8.9,78.71,1.5,0.5,0,0
2020-03-19,192.7,10.6,67.21,2,0.34,0,0
2020-03-20,139.4,11.3,68.21,5.8,0.73,0.002,0
2020-03-21,58.5,5.2,71.17,8.6,0.88,0.001,0
2020-03-22,206.2,4,43.67,7.4,0,0,0
2020-03-23,207.5,2,45.67,5.3,0,0,0
2020-03-24,209.8,1.4,48.83,4.9,0.03,0,0
2020-03-25,211.5,3.9,35.88,5.6,0.04,0,0
2020-03-26,185.8,5.8,44.08,5.8,0.24,0,0
2020-03-27,208.3,8.9,52.71,5.1,0.06,0,0
2020-03-28,207.9,10.7,51.96,5.4,0.05,0,0
2020-03-29,85.6,4.9,62.25,6.9,0.64,0,0
2020-03-30,219.7,2.7,48.21,4.4,0.28,0,0
2020-03-31,204,4.2,55.08,4.9,0.35,0,0
2020-04-01,228.7,2.5,53.42,2.2,0.13,0,0
2020-04-02,227.4,5,54.38,2.2,0.11,0,0
2020-04-03,92.6,7.2,60.29,3.6,0.68,0,0
2020-04-04,232.4,6.6,61.13,2,0.11,0,0
2020-04-05,235.7,10.6,51.08,4.9,0.01,0,0
2020-04-06,237.8,11.6,55.08,2.6,0.01,0,0
2020-04-07,229.3,13.6,55.21,3,0.21,0,0
2020-04-08,237.4,14.1,56.96,2.6,0.06,0,0
2020-04-09,195.3,15.6,51.46,2.3,0.38,0,0
2020-04-10,245.5,15.6,49.67,4.4,0.33,0,0
2020-04-11,248.5,13.2,48.42,3,0.21,0,0
2020-04-12,174.1,14.3,55.04,2.2,0.46,0,0
2020-04-13,121.9,8.3,68.29,3.7,0.5,0.002,0
2020-04-14,213.3,3.9,61.25,3.1,0.25,0,0
2020-04-15,234.6,7.8,57.17,2.3,0.66,0,0
2020-04-16,252.7,12.5,58.08,2.5,0.35,0,0
2020-04-17,214.6,15.1,61.42,1.8,0.39,0,0
2020-04-18,144.9,15.4,70.96,2.9,0.66,0.002,0
2020-04-19,188.4,12.9,69.25,4.7,0.33,0,0
2020-04-20,269.2,13.5,35,8.3,0.06,0,0
2020-04-21,271.9,15,31.75,8.4,0.11,0,0
2020-04-22,274.5,14.7,37.17,6.4,0,0,0
2020-04-23,274.5,13.4,50.46,3.2,0.1,0,0
2020-04-24,238.9,13.7,56,3.3,0.58,0,0
2020-04-25,274.7,10.2,60.17,3.9,0.11,0,0
2020-04-26,280.1,11.6,58.29,2.6,0.1,0,0
2020-04-27,265.7,13.2,58.04,2.5,0.26,0,0
2020-04-28,115.4,12.9,72.21,3.3,0.73,0,0
2020-04-29,162.5,14.7,63.38,4.7,0.73,0.003,0
2020-04-30,98.2,11.7,85.92,5,0.89,0.008,0
2020-05-01,130.8,10.1,85.21,4.7,0.78,0.011,0
2020-05-02,202.7,8.9,80.88,4.6,0.48,0.001,0
2020-05-03,200.7,11.2,71.96,2.1,0.68,0,0
2020-05-04,115.6,11.6,81.83,2.9,0.73,0.007,0
2020-05-05,274.7,8.8,65.92,5.1,0.5,0,0
2020-05-06,300.7,9.4,61.29,3.1,0.23,0,0
2020-05-07,296.2,12.1,62.63,1.6,0.34,0,0
2020-05-08,238.8,15.2,61.33,2,0.75,0,0
2020-05-09,83.4,14.3,71.92,3.2,0.9,0,0
2020-05-10,160.7,16.6,78.96,2.4,0.73,0.029,0
2020-05-11,91.4,6.1,93.54,6.6,0.88,0.016,0
2020-05-12,272.8,6.9,70.42,2.3,0.35,0,0
2020-05-13,206.8,9.6,62.88,3.3,0.7,0,0
2020-05-14,273.5,10.3,61.42,6.4,0.33,0,0
2020-05-15,289.1,11.1,56.33,4.5,0.2,0,0
2020-05-16,300.5,11.4,59.92,2.3,0.19,0,0
2020-05-17,299.6,11.6,64.83,2.5,0.2,0,0
2020-05-18,311.9,14.7,63,2.2,0.33,0,0
2020-05-19,313.3,17.3,58.25,2.7,0.19,0,0
2020-05-20,237.5,18,63.5,2.9,0.45,0,0
2020-05-21,316.5,17.7,67.46,2.6,0.29,0,0
2020-05-22,125.3,19.2,71.71,2.9,0.91,0,0
2020-05-23,98.7,13.3,80.42,4.2,0.83,0.003,0
2020-05-24,168.8,13.8,67.17,4.6,0.65,0,0
2020-05-25,198.5,15.2,67.63,4.7,0.54,0,0
2020-05-26,272.6,12.9,68.79,3.2,0.44,0,0
2020-05-27,308.6,15.3,62.71,2.1,0.36,0,0
2020-05-28,317.3,16.6,50.92,6.3,0.29,0,0
2020-05-29,316.7,14,57.83,4.4,0.2,0,0
2020-05-30,322,14.3,53.58,6.3,0.36,0,0
2020-05-31,291.5,14.6,57.29,4.8,0.61,0,0
2020-06-01,329.5,17.1,59.33,3.8,0.16,0,0
2020-06-02,318.2,18.8,58.13,2.7,0.63,0,0
2020-06-03,207.2,18.8,61.83,2.3,0.79,0,0
2020-06-04,90.7,14.7,87.58,2.5,0.94,0.013,0
2020-06-05,98.3,11.6,81.13,4.9,0.8,0.013,0
2020-06-06,172.6,13,82.88,4.2,0.71,0.003,0
2020-06-07,216.2,14.6,70.46,3.1,0.74,0,0
2020-06-08,202.8,13.9,70.71,2.2,0.61,0,0
2020-06-09,107.8,14,75.79,3.4,0.9,0,0
2020-06-10,122.7,15.3,77.71,4.3,0.94,0.002,0
2020-06-11,90.6,14.6,86.08,2.6,0.79,0,0
2020-06-12,320.7,19.5,71.33,4,0.2,0,0
2020-06-13,232.5,21.1,61.42,3.7,0.54,0.001,0
2020-06-14,109.9,17.7,80.17,3.8,0.88,0,0
2020-06-15,89.8,17.3,86,2.2,0.96,0.002,0
2020-06-16,124,16.9,88.42,1.6,0.94,0.001,0
2020-06-17,196.1,17.3,84.88,2.9,0.86,0.003,0
2020-06-18,237,17.8,72.83,3,0.63,0,0
2020-06-19,280.8,17.5,72.96,3.4,0.66,0,0
2020-06-20,217.4,18.4,68.79,2.8,0.6,0,0
2020-06-21,291.3,18.8,65.67,2.2,0.4,0,0
2020-06-22,238.3,19.4,69.92,3.1,0.49,0,0
2020-06-23,338,19.8,60.75,3.6,0.11,0,0
2020-06-24,337.1,20.6,55.71,4,0.21,0,0
2020-06-25,251,20.5,62.79,3.8,0.29,0,0
2020-06-26,285.3,21.8,64.38,3.8,0.35,0,0
2020-06-27,215.9,23,67.5,4.2,0.51,0.002,0
2020-06-28,111.9,18.6,76,4.6,0.83,0.002,0
2020-06-29,223.4,17.4,68.96,3.7,0.5,0.005,0
2020-06-30,181.4,17.8,62.38,4.7,0.51,0,0
2020-07-01,228.5,22.1,61.21,4.6,0.54,0.001,0
2020-07-02,197.7,20.2,67.08,4.3,0.7,0,0
2020-07-03,285.9,18.2,59.75,3.6,0.38,0,0
2020-07-04,204.3,20.1,55.67,5,0.79,0,0
2020-07-05,141.4,22.9,60.46,7.1,0.73,0,0
2020-07-06,216.4,17.4,55.25,5.7,0.5,0,0
2020-07-07,247.6,15.3,59.83,2.3,0.46,0,0
2020-07-08,88.2,15.6,79.33,2.1,0.96,0.002,0
2020-07-09,203.8,21.6,66.33,3.8,0.75,0,0
2020-07-10,98,20.5,60.71,4.8,0.88,0.001,0
2020-07-11,235.6,15.9,65.33,3.3,0.36,0,0
2020-07-12,291.1,16.5,58.21,3.6,0.3,0,0
2020-07-13,300.4,18.5,53.71,3,0.54,0,0
2020-07-14,221.4,19.7,55.67,2.9,0.66,0.007,0
2020-07-15,151.6,16.4,80.33,3,0.81,0.001,0
2020-07-16,86.4,15.3,88.75,2,0.98,0.004,0
2020-07-17,178.4,18,74.17,2.8,0.7,0,0
2020-07-18,209.4,19.9,63.17,2,0.74,0,0
2020-07-19,274.6,20.3,60.92,2.3,0.48,0,0
2020-07-20,255.3,20.8,59.71,3.2,0.46,0,0
2020-07-21,310.5,19.1,51.5,4.2,0.13,0,0
2020-07-22,316.9,18.4,52.17,3.2,0.31,0,0
2020-07-23,301.3,19.4,53.33,3.1,0.41,0,0
2020-07-24,189.1,21.1,52.75,3.4,0.71,0,0
2020-07-25,170.3,21.9,55.33,3.1,0.74,0.005,0
2020-07-26,177.9,20,70.04,4.4,0.76,0.001,0
2020-07-27,210.7,21.1,63.29,2.8,0.6,0,0
2020-07-28,195,22.6,51.25,4.9,0.59,0,0
2020-07-29,295.3,18.3,58.54,3.2,0.41,0,0
2020-07-30,307.5,20.4,53.54,3,0.2,0,0
2020-07-31,307.9,23.9,49.92,2.7,0.1,0,0
2020-08-01,199.8,23.8,59.83,2.6,0.55,0,0
2020-08-02,142.5,21.7,64.63,3.3,0.84,0,0
2020-08-03,106,18.5,68.79,3,0.88,0,0
2020-08-04,208,18.4,59.67,3.2,0.54,0,0
2020-08-05,294.9,19.3,58.79,2,0.16,0,0
2020-08-06,296.8,21.2,57.96,2.4,0.16,0,0
2020-08-07,293.5,24.3,54.42,2.8,0.04,0,0
2020-08-08,266.6,26.1,55.67,1.9,0.06,0,0
2020-08-09,232.5,25.8,55.88,2.7,0.34,0,0
2020-08-10,226.6,25.9,56.13,4.1,0.56,0,0
2020-08-11,202.3,26.2,56.79,4.5,0.59,0,0
2020-08-12,193.9,25.5,65.29,4.4,0.64,0.007,0
2020-08-13,75.4,20.8,90.29,2.3,0.89,0.003,0
2020-08-14,78.9,20.8,85.25,2.1,0.84,0,0
2020-08-15,135.9,21.7,79.54,2.3,0.63,0,0
2020-08-16,239.2,23.4,70.79,3.5,0.43,0.027,0
2020-08-17,116.9,20.1,84.58,2.8,0.81,0.001,0
2020-08-18,207.3,19.6,77.88,2.9,0.71,0.011,0
2020-08-19,228.9,19.8,74,1.7,0.56,0.002,0
2020-08-20,220.8,23.4,71.38,2.2,0.48,0,0
2020-08-21,166.2,24.8,64.79,3.6,0.55,0.007,0
2020-08-22,130.8,21.5,70.42,4.9,0.8,0,0
2020-08-23,170,20.1,58.33,4.3,0.6,0,0
2020-08-24,140.1,17.7,65.38,3.2,0.69,0,0
2020-08-25,125.8,18.1,63.88,2.4,0.74,0,0
2020-08-26,94.8,20.5,51.83,8.4,0.71,0,0
2020-08-27,189.3,16.8,67.83,2.4,0.54,0.001,0
2020-08-28,163.2,17.6,76.46,4.7,0.83,0.001,0
2020-08-29,117.2,16,78,3.2,0.74,0,0
2020-08-30,66.1,14.5,85.38,2.3,0.89,0.016,0
2020-08-31,81.7,15.4,86.42,2.6,0.86,0,0
2020-09-01,168,15.8,71.71,3.6,0.75,0,0
2020-09-02,195.4,14.7,73.5,1.4,0.5,0,0
2020-09-03,90.9,15.4,73.29,2.4,0.76,0,0
2020-09-04,124.1,21.1,58.96,3.2,0.79,0,0
2020-09-05,107.6,16.5,77.88,2.8,0.75,0,0
2020-09-06,169.3,14,67.92,1.8,0.73,0,0
2020-09-07,210.9,13.2,70.92,1.4,0.15,0,0
2020-09-08,230.7,15.2,67.33,1.9,0.23,0,0
2020-09-09,195.8,17.7,69.33,2.4,0.3,0,0
2020-09-10,148,18.6,64.92,2.8,0.66,0,0
2020-09-11,209.7,17.2,65.88,1.7,0.16,0,0
2020-09-12,209.7,17.6,70.33,1.9,0.2,0,0
2020-09-13,213.3,18.2,73.38,1.6,0.75,0,0
2020-09-14,207.5,20.8,67.33,2.5,0.43,0,0
2020-09-15,212.2,20.3,69.46,1.8,0.23,0,0
2020-09-16,171.3,20.4,73.75,2.4,0.63,0,0
2020-09-17,187.1,17.1,62.71,5.9,0.28,0,0
2020-09-18,190,15.2,60.71,3.5,0.19,0,0
2020-09-19,199.9,14.7,61.63,2.5,0.25,0,0
2020-09-20,195.5,15,65.88,2.8,0.48,0,0
2020-09-21,198.2,15.7,67.96,1.9,0.08,0,0
2020-09-22,183.4,16.7,70.08,1.6,0.21,0.001,0
2020-09-23,141.9,18.3,68.79,3.7,0.61,0.001,0
2020-09-24,126.6,16.4,72.71,5,0.78,0.007,0
2020-09-25,53.5,11.2,83.38,4.8,0.86,0,0
2020-09-26,49.4,9.6,89.75,4.6,0.96,0.027,0
2020-09-27,50.6,9.7,89.54,2.8,0.9,0.001,0
2020-09-28,104.3,10,80.17,2.2,0.54,0,0
2020-09-29,47.5,11.6,91.88,2.2,0.96,0.001,0
2020-09-30,88.8,13,87.08,1.8,0.69,0,0
2020-10-01,60.9,12.2,90.29,2.3,0.78,0.003,0
2020-10-02,80.4,14.4,78.38,3.2,0.9,0,0
2020-10-03,58.3,11.7,89.17,3.5,0.71,0.004,0
2020-10-04,62.5,12.1,69.75,5.7,0.75,0,0
2020-10-05,54.8,11.3,83,4.9,0.89,0.008,0
2020-10-06,44,11.6,90.13,6.3,0.94,0.003,0
2020-10-07,56.8,12.5,80.5,5.6,0.81,0,0
2020-10-08,42.3,13,85.54,5.5,0.89,0.001,0
2020-10-09,41.5,13.8,91.88,4,0.96,0.006,0
2020-10-10,106.7,9.3,82.58,3.4,0.53,0,0
2020-10-11,108.3,8.7,77.67,2.7,0.66,0,0
2020-10-12,71.6,8.4,89.29,2.7,0.75,0,0
2020-10-13,77.8,6.5,90.17,1.6,0.69,0,0
2020-10-14,38.6,7.4,91.83,3.6,0.95,0.004,0
2020-10-15,38,8.4,91.92,5.4,0.98,0.001,0
2020-10-16,37.4,8.9,85.63,4.6,0.88,0,0
2020-10-17,41.9,7,89.17,1.8,0.8,0,0
2020-10-18,36.3,6.1,88.75,NA,0.81,0,0
2020-10-19,91.6,8.2,83.96,2,0.75,0,0
2020-10-20,57.8,8,87.54,1.7,0.81,0,0
2020-10-21,68.6,14.4,73.5,2.2,0.79,0,0
2020-10-22,79,16.7,70.04,3.8,0.74,0.001,0
2020-10-23,33.6,14.3,93.25,3.7,0.93,0.001,0
2020-10-24,46.1,13.4,80.33,4.2,0.64,0,0
2020-10-25,70.7,13,76.75,3.4,0.85,0.012,0
2020-10-26,33.7,9.7,94.46,3.9,0.89,0.002,0
2020-10-27,38.5,9.5,79.42,4.8,0.78,0.001,0
2020-10-28,48.4,11.4,81.08,5.3,0.89,0.004,0
2020-10-29,48.5,10.1,93.04,4.9,0.89,0.014,0
2020-10-30,30.1,12.6,92.04,5.2,0.95,0,0
2020-10-31,90.4,12.6,79.92,2.5,0.64,0.002,0
2020-11-01,29.1,13.8,93.58,4.5,0.99,0.003,0
2020-11-02,66.6,18,77.54,6.2,0.83,0.001,0
2020-11-03,37,11.5,78.38,3.7,0.85,0,0
2020-11-04,80.6,5.4,87.08,1.8,0.31,0,0
2020-11-05,104.5,2.5,89.96,1.8,0.09,0,0
2020-11-06,104,2.3,85.04,2,0.15,0,0
2020-11-07,91.6,4,88.13,2.2,0.1,0,0
2020-11-08,56.8,5,92.83,1.1,0.66,0,0
2020-11-09,76.9,7.7,92.38,1.6,0.39,0,0
2020-11-10,25.2,5.2,96.46,1.7,0.93,0,0
2020-11-11,24.9,6.9,97.71,1.2,1,0,0
2020-11-12,33.3,8.4,93.54,3,0.83,0,0
2020-11-13,24.1,8.6,90.83,1.5,0.98,0,0
2020-11-14,70,10.9,84.25,1.4,0.69,0,0
2020-11-15,68.5,13.5,71.25,3,0.81,0.006,0
2020-11-16,27.4,10.4,83.29,6,0.81,0.001,0
2020-11-17,28.6,10.2,82.04,4.3,0.85,0,0
2020-11-18,79.8,7.8,86.25,2.5,0.53,0,0
2020-11-19,43.8,8.9,82.13,4.4,0.69,0.006,0
2020-11-20,21.7,2.1,92.42,2.4,0.51,0,0
2020-11-21,42.5,0.6,86.5,1.9,0.78,0,0
2020-11-22,21.1,5,78.88,3.5,0.91,0,0
2020-11-23,20.8,6.2,92.92,2.2,0.93,0,0
2020-11-24,20.6,4.7,92.75,1.5,1,0,0
2020-11-25,21.7,2.5,94.88,1.8,0.9,0,0
2020-11-26,20,1.3,96.88,1.3,0.98,0,0
2020-11-27,47.2,1.9,93.88,1.4,0.45,0,0
2020-11-28,33.7,0.9,93.04,NA,0.84,0,0
2020-11-29,38.6,-0.1,78.75,2.7,0.56,0,0
2020-11-30,69.5,-2.4,87.63,2.8,0.31,0,0.008
2020-12-01,18.9,0.9,97.54,NA,1,0,0
2020-12-02,18.7,1.1,92.21,NA,1,0,0
2020-12-03,20.4,1.8,83.96,NA,0.96,0.002,0
2020-12-04,19.2,4.1,83.17,2.7,0.99,0.007,0
2020-12-05,20.1,2.8,93.96,2.1,0.96,0.001,0
2020-12-06,18.1,3.1,97.92,1.9,1,0.005,0
2020-12-07,20.3,3.3,96.38,2.6,0.91,0,0
2020-12-08,32.7,0.4,92.92,1.7,0.86,0,0
2020-12-09,23.3,1.3,92.21,1.5,0.93,0,0
2020-12-10,17.6,0.9,84.42,1.6,1,0,0
2020-12-11,19,2.1,87.25,1.8,0.95,0.001,0
2020-12-12,17.4,4.9,97.58,1.5,1,0.001,0
2020-12-13,23.6,5.6,96.88,NA,0.83,0.003,0
2020-12-14,27.1,4.4,90.54,1.3,0.84,0.002,0
2020-12-15,17.2,6.3,97.13,1.5,0.98,0.003,0
2020-12-16,21.8,6.3,97.04,1.7,0.83,0,0
2020-12-17,21.7,5,94.38,1.8,0.73,0,0
2020-12-18,17.1,2.3,99.5,1.6,0.96,0,0
2020-12-19,32.8,3.3,93.83,1.7,0.76,0.001,0
2020-12-20,17,5.2,96.63,1.6,0.99,0.003,0
2020-12-21,17.6,6.6,95.38,2.7,0.99,0.009,0
2020-12-22,17.2,11.7,94.13,6.2,0.94,0.01,0
2020-12-23,17.1,11.7,95.71,4.3,0.98,0.014,0
2020-12-24,23.5,6.5,88.21,4.7,0.85,0.013,0
2020-12-25,48,1.8,90.21,2.5,0.58,0,0
2020-12-26,23.2,0.8,89.21,3.9,0.83,0,0
2020-12-27,17.3,2.9,73.79,6.6,0.95,0.005,0
2020-12-28,17.4,3.9,93.04,3.1,0.9,0.002,0
2020-12-29,18.9,3.3,88.88,3.8,0.9,0.001,0
2020-12-30,22.5,3.4,92.75,3,0.78,0,0
2020-12-31,17.7,2.5,88.88,2.8,0.99,0.002,0
2021-01-01,17.7,2.2,95.58,1.4,0.93,0,0
2021-01-02,17.9,1.3,86.13,2.2,0.79,0,0
2021-01-03,18,1.1,89.54,3,0.99,0.002,0
2021-01-04,18.2,1,95.38,2.6,1,0,0
2021-01-05,18.3,1.5,91.25,4.2,0.98,0.001,0
2021-01-06,18.5,1.9,92.08,3.3,0.98,0,0
2021-01-07,18.7,1.3,88.83,3.4,0.98,0.002,0
2021-01-08,18.9,0.6,97.63,3.7,0.91,0.003,0
2021-01-09,40.2,-0.5,92.17,1.8,0.76,0,0
2021-01-10,62.8,-2.6,88.17,1,0.36,0,0
2021-01-11,60,-2.8,82.67,3.1,0.56,0,0.004
2021-01-12,19.7,0.5,94.25,6.2,0.79,0.008,0
2021-01-13,38.6,0.5,89.92,4.5,0.66,0,0
2021-01-14,20.2,0.5,80.88,2.7,0.85,0,0
2021-01-15,32.3,-1.5,85.58,2.9,0.84,0,0
2021-01-16,20.8,-1.2,79.08,2.3,0.95,0,0.002
2021-01-17,21,-0.6,94.63,2.4,1,0,0.001
2021-01-18,27.4,2.5,88.46,4.3,0.89,0,0
2021-01-19,21.6,2.4,83.67,6,0.88,0.004,0
2021-01-20,27,7.8,55.5,3.5,0.9,0,0
2021-01-21,22.4,9.3,67.25,6.8,0.91,0.002,0
2021-01-22,22.6,5.3,89,4.1,0.93,0.012,0
2021-01-23,22.9,3.1,91.33,2.6,0.98,0.005,0
2021-01-24,28,1.4,87,5.5,0.94,0,0
2021-01-25,23.6,0.4,92.04,2,0.9,0.001,0
2021-01-26,24,1.6,83.46,5.5,0.88,0,0
2021-01-27,24.4,0.9,92.04,4,0.96,0.002,0
2021-01-28,24.7,6.2,95.88,3.9,0.94,0.018,0
2021-01-29,28.8,8.8,85.79,7,0.9,0.002,0
2021-01-30,25.5,3.4,92.75,5.1,0.95,0.009,0
2021-01-31,25.9,0.4,91.63,3.1,0.96,0.002,0
2021-02-01,26.4,3.3,97.25,2.2,0.99,0.002,0
2021-02-02,26.8,7.5,95.17,2.9,0.96,0.004,0
2021-02-03,29.2,10.1,91.96,5.5,0.93,0.015,0
2021-02-04,86.5,6.7,83.13,4.1,0.66,0,0
2021-02-05,28.1,5.7,96.04,1.6,0.98,0.006,0
2021-02-06,28.5,5.1,96.38,3.9,1,0.009,0
2021-02-07,29,2.1,95.29,4.4,1,0.003,0
2021-02-08,29.5,-4.5,87.29,5.1,1,0,0.001
2021-02-09,29.9,-7.6,73.29,3.7,0.79,0,0
2021-02-10,94.3,-8.5,75.21,4.6,0.63,0,0
2021-02-11,88.8,-6.2,82.63,1.7,0.46,0,0
2021-02-12,119.9,-6.6,73.63,3.5,0.34,0,0
2021-02-13,123.4,-6.3,71.67,2.9,0.03,0,0
2021-02-14,115.5,-4.8,70.83,2.6,0.39,0,0
2021-02-15,32.9,-0.8,71.54,1.9,0.94,0,0.002
2021-02-16,62.9,5.8,79.25,1.5,0.88,0.002,0
2021-02-17,43.1,7.4,85.08,4.2,0.65,0,0
2021-02-18,47,4.3,87.88,1.5,0.79,0,0
2021-02-19,109.1,5.9,82.17,2.8,0.65,0,0
2021-02-20,125.5,7.4,80.67,1.7,0.59,0,0
2021-02-21,137.2,7.3,78.25,1.6,0.11,0,0
2021-02-22,123.3,5.5,83.88,2.1,0.5,0,0
2021-02-23,126.9,8.9,79.04,2.2,0.3,0,0
2021-02-24,128.3,9.7,78.04,1.6,0.11,0,0
2021-02-25,138.2,8.8,73.46,1.6,0.1,0,0
2021-02-26,39,5.7,83.92,1.9,0.6,0,0
2021-02-27,148.3,4.1,79.63,3.6,0.25,0,0
2021-02-28,152,4,71.79,2.8,0.15,0,0
2021-03-01,155.2,3.8,76,2.9,0,0,0
2021-03-02,157.5,5.7,74.58,1.9,0.01,0,0
2021-03-03,101.6,6.3,75.17,1.8,0.68,0,0
2021-03-04,87.9,9.3,70.33,3.2,0.75,0.004,0
2021-03-05,86.8,2.8,78.5,3.5,0.61,0,0
2021-03-06,167,-0.3,68.71,2.2,0.2,0,0
2021-03-07,169.4,0.9,62.71,2.5,0.1,0,0
2021-03-08,75.6,1.1,75.29,1.3,0.56,0,0
2021-03-09,73.3,3.4,78.54,2.7,0.93,0,0
2021-03-10,51.9,7,70.71,3.6,0.91,0,0
2021-03-11,65.4,9.2,74.42,8.2,0.88,0.003,0
2021-03-12,79.4,6.8,70.54,8.8,0.74,0.003,0
2021-03-13,75,6.5,81.96,8.5,0.89,0.004,0
2021-03-14,85.1,4.6,83.5,5.2,0.73,0.005,0
2021-03-15,105.4,5.3,82.08,5,0.73,0.002,0
2021-03-16,67.1,5.4,76.83,4,0.75,0.001,0
2021-03-17,62.3,3.3,82.54,2.5,0.74,0.001,0
2021-03-18,93,2.1,79.42,1.3,0.66,0.001,0
2021-03-19,114.9,2.5,76.58,3.9,0.56,0,0
2021-03-20,169.7,2.2,55.83,2.4,0.75,0,0
2021-03-21,85.5,5.5,62.38,3.8,0.89,0,0
2021-03-22,53.8,5.4,73.5,3,0.89,0,0
2021-03-23,62.4,5.4,75.63,2.3,0.75,0,0
2021-03-24,200.8,5.6,72.17,1.4,0.15,0,0
2021-03-25,169.6,8.2,68.46,3,0.71,0,0
2021-03-26,136.3,11.5,62.96,3.2,0.69,0,0
2021-03-27,110.8,7.9,67.42,7.3,0.63,0.001,0
2021-03-28,142,10.6,57.38,3.8,0.8,0,0
2021-03-29,211,13.1,49.96,2.9,0.48,0,0
2021-03-30,219,12.3,55.13,1.7,0.11,0,0
2021-03-31,217,13.5,56.54,1.9,0.09,0,0
2021-04-01,190.7,14.6,56.58,3.2,0.34,0,0
2021-04-02,125.3,8.1,61.88,4.4,0.5,0,0
2021-04-03,199.6,7.1,55.21,3.7,0.45,0,0
2021-04-04,179.3,4.7,68.63,2.1,0.16,0,0
2021-04-05,92.2,3,75.38,5.4,0.63,0.002,0
2021-04-06,140.3,2.3,65.33,6.1,0.69,0,0
2021-04-07,69.5,2.3,69.75,6.5,0.85,0.001,0
2021-04-08,144.5,3.5,60.88,3.3,0.63,0,0
2021-04-09,208.4,7.9,57.42,3,0.8,0.001,0
2021-04-10,65.3,10.6,75.88,1.9,0.98,0.002,0
2021-04-11,83.6,8.3,84.67,3.4,0.89,0.008,0
2021-04-12,129.3,3.8,78.33,3.1,0.65,0,0
2021-04-13,167.7,2.6,70.17,2,0.39,0,0
2021-04-14,176.8,2.6,68.33,2.8,0.56,0,0
2021-04-15,186.4,3.5,65.08,3.8,0.41,0,0
2021-04-16,81.1,4.5,69.21,3.1,0.88,0,0
2021-04-17,157,6.5,63.58,3.5,0.83,0,0
2021-04-18,98.8,8.1,75.79,2,0.88,0.002,0
2021-04-19,101.1,8.3,85.04,1.8,0.75,0,0
2021-04-20,215.5,8.6,73.42,1.6,0.23,0,0
2021-04-21,197.5,10.1,67.5,2.2,0.39,0,0
2021-04-22,260.3,8.8,54.29,4.1,0.55,0,0
2021-04-23,272.8,7.4,60.13,2.4,0.15,0,0
2021-04-24,273.5,9.3,56.46,4.5,0.69,0,0
2021-04-25,276.4,8.9,50.54,5,0.28,0,0
2021-04-26,279.5,8.8,43.25,4.1,0.29,0,0
2021-04-27,279.8,9.6,43.75,3.1,0.33,0,0
2021-04-28,221.1,11.7,59.96,3.1,0.45,0.006,0
2021-04-29,212.5,11.2,73.08,5.9,0.63,0.001,0
2021-04-30,106.9,6.4,71.29,2.3,0.79,0,0
2021-05-01,163,9.8,63.04,2.7,0.94,0,0
2021-05-02,195.8,8.8,55.33,4.3,0.54,0,0
2021-05-03,232.9,8.1,59.58,3.6,0.49,0,0
2021-05-04,95.2,10.3,65.25,9,0.83,0.002,0
2021-05-05,186.1,7.6,73.25,6.7,0.68,0.002,0
2021-05-06,90.8,6.9,86.29,3.2,0.89,0.007,0
2021-05-07,246.9,7.1,74.33,4,0.41,0.001,0
2021-05-08,239,9.4,63.25,2.6,0.6,0,0
2021-05-09,262.7,18,60,3.1,0.74,0,0
2021-05-10,86.7,16,76.92,3.3,0.86,0.003,0
2021-05-11,88.2,13.5,93.21,2.6,0.93,0.004,0
2021-05-12,122,12.3,86.67,2.6,0.85,0.001,0
2021-05-13,224.6,12.6,73.08,3.1,0.61,0,0
2021-05-14,160,13.2,69.71,3.8,0.73,0.001,0
2021-05-15,136.6,11.3,81.71,4.9,0.81,0.012,0
2021-05-16,146.5,12,82.08,4.4,0.79,0.01,0
2021-05-17,147.5,11.3,89.54,4.8,0.78,0.009,0
2021-05-18,163.1,11.7,80.67,4,0.71,0.001,0
2021-05-19,204.7,11.5,75.63,4.2,0.74,0.003,0
2021-05-20,179.8,12.8,71.88,3.8,0.81,0,0
2021-05-21,183.7,14.2,62.54,7.7,0.79,0.01,0
2021-05-22,179.9,11.8,72.71,7.7,0.73,0.001,0
2021-05-23,199.6,12.1,70.29,5,0.54,0,0
2021-05-24,215.6,11.6,76.25,3.5,0.58,0.003,0
2021-05-25,109,9.8,78.46,6.9,0.81,0.002,0
2021-05-26,116.5,9.5,92.54,4.4,0.79,0.014,0
2021-05-27,96.6,10.3,90,4.5,0.8,0.004,0
2021-05-28,188.7,12.5,75.63,2.1,0.8,0,0
2021-05-29,313.1,13.9,60.96,3.5,0.24,0,0
2021-05-30,309.3,14.2,64.08,3.7,0.19,0,0
2021-05-31,331.6,14.4,61.29,2.5,0.1,0,0