time,AirTemp,RelHum,WindSpeed,Rain,Cloud,ShortWave
2018-12-07 12:00:00,10.5,86.21,7.4,0.002,0.93,18.1
2018-12-08 12:00:00,7.2,85.38,8.8,0.013,0.79,21.5
2018-12-09 12:00:00,7.2,88.29,8.2,0.003,0.8,17.8
2018-12-10 12:00:00,4.5,86.88,5.7,0.001,0.58,30.7
2018-12-11 12:00:00,3.4,88.54,4.1,0.001,0.79,25.1
2018-12-12 12:00:00,2.6,85.54,2.7,0,0.71,28.6
2018-12-13 12:00:00,0.1,74.29,3.1,0,0.46,40.9
2018-12-14 12:00:00,0.3,66.21,3,0,0.96,17.3
2018-12-15 12:00:00,-0.3,70.46,1.8,0.001,0.95,17.2
2018-12-16 12:00:00,-0.7,90.33,1.7,0.003,1,17.2
2018-12-17 12:00:00,2.9,98.67,2.7,0.001,0.93,17.1
2018-12-18 12:00:00,4,91.58,2.1,0,0.88,30.7
2018-12-19 12:00:00,3.5,93.58,1.4,0.001,0.95,17.1
2018-12-20 12:00:00,6.5,90.54,4.2,0.002,0.91,17
2018-12-21 12:00:00,8.9,87.67,8.1,0.007,0.93,17
2018-12-22 12:00:00,10.2,80.46,6.7,0,0.75,35.6
2018-12-23 12:00:00,8.6,93.38,4.1,0.013,0.94,17.1
2018-12-24 12:00:00,4.3,88.08,3.8,0,0.56,30.5
2018-12-25 12:00:00,-0.4,89.38,2.3,0,0.69,19.7
2018-12-26 12:00:00,-1.8,99.33,2.5,0,0.81,17.2
2018-12-27 12:00:00,-1.2,98.83,1.8,0,1,17.2
2018-12-28 12:00:00,-0.7,97.38,2.7,0,1,17.3
2018-12-29 12:00:00,1.1,96.33,4.7,0.001,1,17.4
2018-12-30 12:00:00,5.6,89.38,4.8,0.001,0.94,17.5
2018-12-31 12:00:00,6.5,98.67,2.7,0,0.98,17.6
2019-01-01 12:00:00,6.2,90.83,5.8,0.003,0.93,17.7
2019-01-02 12:00:00,1.8,76.54,5.2,0,0.39,36.4
2019-01-03 12:00:00,-0.7,91.38,2.6,0,0.78,18
2019-01-04 12:00:00,1.1,93.29,3.1,0.004,0.93,30.6
2019-01-05 12:00:00,4.6,93.54,6.4,0.003,0.93,18.3
2019-01-06 12:00:00,5.5,91.25,5.2,0.001,0.9,18.5
2019-01-07 12:00:00,4.4,91.42,4.8,0.006,0.94,19.5
2019-01-08 12:00:00,4.7,90.92,7.7,0.005,0.86,19.9
2019-01-09 12:00:00,3,75.13,5.2,0,0.84,25.1
2019-01-10 12:00:00,1.3,73.79,3.6,0,0.88,19.4
2019-01-11 12:00:00,0,93.63,3.8,0.004,0.98,19.5
2019-01-12 12:00:00,3.4,98.54,5.5,0.007,0.96,19.7
2019-01-13 12:00:00,6.5,95.92,6.9,0.007,0.81,20
2019-01-14 12:00:00,4.4,85.67,5.2,0.004,0.61,30.6
2019-01-15 12:00:00,3.9,84.5,5.4,0,0.89,20.5
2019-01-16 12:00:00,4.9,76.92,5.1,0,0.9,21.9
2019-01-17 12:00:00,4.7,85.13,6.8,0.003,0.74,32.4
2019-01-18 12:00:00,0.4,82.21,2.7,0,0.68,61.4
2019-01-19 12:00:00,-3.2,83.88,2.1,0,0.49,81
2019-01-20 12:00:00,-5.2,86.04,2.1,0,0.3,80.7
2019-01-21 12:00:00,-6.1,85.83,1.8,0,0.06,81.1
2019-01-22 12:00:00,-5.1,85.29,1.5,0,0.81,22.6
2019-01-23 12:00:00,-2.5,76.5,2.2,0,1,22.9
2019-01-24 12:00:00,-3.3,82.21,2.4,0,0.93,23.3
2019-01-25 12:00:00,-1.5,84.33,3.6,0.001,0.96,23.6
2019-01-26 12:00:00,2.4,93.38,5.8,0.001,0.99,24
2019-01-27 12:00:00,5.1,88.13,6.1,0.005,0.93,24.8
2019-01-28 12:00:00,2.4,87.08,7.2,0.002,0.9,24.9
2019-01-29 12:00:00,1,85.88,3,0,0.78,32.3
2019-01-30 12:00:00,0.7,81.17,3.7,0.001,0.93,25.5
2019-01-31 12:00:00,-0.3,86.92,1.8,0.001,0.74,25.9
2019-02-01 12:00:00,2.1,91.83,2,0.001,0.94,26.4
2019-02-02 12:00:00,3.4,97.71,1.8,0,0.98,26.8
2019-02-03 12:00:00,2.5,78.96,4.2,0,0.93,27.2
2019-02-04 12:00:00,0.2,81.08,2.3,0,0.61,87.1
2019-02-05 12:00:00,1.4,80.92,1.9,0,0.81,29.1
2019-02-06 12:00:00,-0.3,85.83,1.6,0,0.6,90.7
2019-02-07 12:00:00,2.4,89.25,2.7,0.001,0.79,30.2
2019-02-08 12:00:00,6.9,74.79,5.3,0.001,0.89,29.6
2019-02-09 12:00:00,7.2,81.96,7.3,0.002,0.86,37.3
2019-02-10 12:00:00,8.1,77.04,7.2,0.003,0.96,30.9
2019-02-11 12:00:00,4.7,77.83,6.6,0,0.78,38.4
2019-02-12 12:00:00,2.4,82.13,3.6,0,0.73,36.1
2019-02-13 12:00:00,1.6,81.04,1.6,0,0.49,99.2
2019-02-14 12:00:00,1.1,84.29,1.4,0,0.48,95.5
2019-02-15 12:00:00,5,73.88,2.5,0,0.03,126.4
2019-02-16 12:00:00,3.4,80.29,1.5,0,0.05,127.5
2019-02-17 12:00:00,3.4,79.08,1.3,0,0.63,128.1
2019-02-18 12:00:00,4.1,73.88,1.4,0,0.25,123.9
2019-02-19 12:00:00,7.1,72.46,2.9,0.001,0.69,69.4
2019-02-20 12:00:00,4.2,83.42,1.8,0,0.79,83.7
2019-02-21 12:00:00,6.3,85.83,2.1,0,0.7,61.2
2019-02-22 12:00:00,8.7,79.79,3,0,0.71,45.7
2019-02-23 12:00:00,3.9,66.04,2.7,0,0.6,129.2
2019-02-24 12:00:00,3.1,53.04,2.3,0,0.35,144.6
2019-02-25 12:00:00,5.4,55.08,2.1,0,0.46,146.3
2019-02-26 12:00:00,6.5,67.58,1.6,0,0.38,147.5
2019-02-27 12:00:00,5.9,68.17,1.4,0,0.03,150.6
2019-02-28 12:00:00,10.6,61.96,5,0.007,0.38,130.1
2019-03-01 12:00:00,8.6,87.54,4.6,0.001,0.9,42.4
2019-03-02 12:00:00,8.1,81.25,4.1,0,0.93,43.9
2019-03-03 12:00:00,10.4,73.88,7.1,0,0.93,42.6
2019-03-04 12:00:00,9.3,72.71,8.4,0.004,0.86,51.5
2019-03-05 12:00:00,6,82.5,6.7,0.002,0.8,68.9
2019-03-06 12:00:00,9.5,70.54,2.6,0.001,0.9,110.4
2019-03-07 12:00:00,10.4,67.08,8.2,0.002,0.76,80.8
2019-03-08 12:00:00,7.3,78.42,7,0.003,0.76,64.9
2019-03-09 12:00:00,9.5,72.5,9,0.004,0.88,55.7
2019-03-10 12:00:00,9.8,73.88,9.3,0.003,0.84,81.5
2019-03-11 12:00:00,5.4,62.83,7.7,0,0.64,105.8
2019-03-12 12:00:00,6.7,56.54,5.6,0,0.81,115.4
2019-03-13 12:00:00,6.1,76.13,9,0.004,0.76,60.3
2019-03-14 12:00:00,5.5,91.92,7.1,0.011,0.85,60.4
2019-03-15 12:00:00,9.3,87.92,8.7,0.004,0.9,51.5
2019-03-16 12:00:00,10.7,77.38,6.9,0,0.84,50.3
2019-03-17 12:00:00,7.9,79,7,0.003,0.69,55.4
2019-03-18 12:00:00,5,78.29,4.5,0,0.48,105.3
2019-03-19 12:00:00,3.7,72.67,1.5,0,0.19,182.6
2019-03-20 12:00:00,4.2,69.42,1.4,0,0.35,196.5
2019-03-21 12:00:00,7.2,61.79,2.1,0,0.5,202.1
2019-03-22 12:00:00,9.3,62.75,2.1,0,0.34,201.9
2019-03-23 12:00:00,9.2,70.08,2.6,0,0.43,196.3
2019-03-24 12:00:00,7.3,78.21,3.2,0,0.44,104.8
2019-03-25 12:00:00,4.5,79.08,4.7,0.002,0.63,97.2
2019-03-26 12:00:00,4.6,78.13,3.1,0,0.64,91.1
2019-03-27 12:00:00,5.4,74.13,1.1,0,0.53,108.6
2019-03-28 12:00:00,7.3,73.92,2.4,0,0.6,121.2
2019-03-29 12:00:00,8.8,73.08,2.5,0,0.16,195.7
2019-03-30 12:00:00,10,66.58,2.3,0,0.19,195.7
2019-03-31 12:00:00,10.9,63.25,4,0,0.26,183.1
2019-04-01 12:00:00,10.7,62.25,3.7,0,0.09,216.6
2019-04-02 12:00:00,13,59.21,3.7,0,0.74,145.9
2019-04-03 12:00:00,8.5,84.42,3.1,0.008,0.99,61.1
2019-04-04 12:00:00,5.2,94.33,3,0.002,0.96,61.7
2019-04-05 12:00:00,6.5,93.08,1.9,0,0.98,62.3
2019-04-06 12:00:00,9.6,80.92,2.1,0,0.76,145.6
2019-04-07 12:00:00,12.6,66.42,2.2,0,0.56,208.7
2019-04-08 12:00:00,12,80.04,3.1,0,0.85,103.5
2019-04-09 12:00:00,10.8,86.17,2,0.011,0.86,78.3
2019-04-10 12:00:00,9.5,65.75,5.6,0,0.65,153.7
2019-04-11 12:00:00,6.8,50.71,5.2,0,0.09,247.6
2019-04-12 12:00:00,4.4,56.88,4.5,0,0.69,111.7
2019-04-13 12:00:00,3.7,71.92,4.1,0.004,0.91,97.5
2019-04-14 12:00:00,5.9,70.33,4.9,0,0.73,201.9
2019-04-15 12:00:00,9.9,62.54,3.2,0,0.19,244.9
2019-04-16 12:00:00,11.9,56.92,3.3,0.003,0.54,213.9
2019-04-17 12:00:00,12.4,74.5,2.4,0,0.73,158
2019-04-18 12:00:00,14,54.71,3.6,0,0.29,251.2
2019-04-19 12:00:00,14.4,52.58,3.1,0,0.06,267
2019-04-20 12:00:00,15.5,49.83,3,0,0.04,267.5
2019-04-21 12:00:00,15.1,51.79,2.7,0,0.1,269.2
2019-04-22 12:00:00,16.3,43.79,3.9,0,0.5,264.5
2019-04-23 12:00:00,15.9,54.88,3.1,0,0.83,185.5
2019-04-24 12:00:00,15.9,63.17,3.6,0.001,0.55,222.5
2019-04-25 12:00:00,14.5,62.96,3.4,0.001,0.51,183.6
2019-04-26 12:00:00,10.2,87.67,4.1,0.003,0.84,76.7
2019-04-27 12:00:00,9,90.67,4.2,0.008,0.78,131.4
2019-04-28 12:00:00,7.9,77.63,3.3,0,0.59,195.6
2019-04-29 12:00:00,8.1,85.67,1.9,0.002,0.84,149.8
2019-04-30 12:00:00,12.5,66.25,4.3,0,0.33,267.5
2019-05-01 12:00:00,12,68.79,1.7,0,0.15,270
2019-05-02 12:00:00,12.4,72.08,3.2,0,0.7,222.6
2019-05-03 12:00:00,11,63.54,4.9,0.002,0.66,179.4
2019-05-04 12:00:00,5.5,85.25,3.3,0.004,0.79,117.8
2019-05-05 12:00:00,5.6,71.71,2.3,0,0.55,157.3
2019-05-06 12:00:00,7.1,70.29,3,0,0.7,156.7
2019-05-07 12:00:00,9.1,66.58,2,0,0.84,163.2
2019-05-08 12:00:00,9.6,88.67,2.7,0.005,0.95,80.2
2019-05-09 12:00:00,10.3,93.46,3.2,0.01,0.78,111.2
2019-05-10 12:00:00,13,71.79,4.6,0.018,0.59,214.3
2019-05-11 12:00:00,9.8,95.58,3.7,0.01,0.93,82.2
2019-05-12 12:00:00,8.6,70.92,3.6,0,0.35,184.3
2019-05-13 12:00:00,10.3,51.83,5.1,0,0.18,309.6
2019-05-14 12:00:00,9.3,56.54,4.7,0,0.26,265.2
2019-05-15 12:00:00,9,56.42,4.2,0,0.35,275.6
2019-05-16 12:00:00,10.4,69.04,3.7,0,0.86,136.8
2019-05-17 12:00:00,13.3,73.96,3,0,0.79,165.5
2019-05-18 12:00:00,15.2,75.29,2.4,0.001,0.79,167
2019-05-19 12:00:00,15.9,81.58,2,0.004,0.76,224.1
2019-05-20 12:00:00,13.6,90.75,4.3,0.022,0.81,128.1
2019-05-21 12:00:00,12.3,97.46,6.4,0.014,0.96,84.8
2019-05-22 12:00:00,12.6,81.54,3.9,0,0.64,194.1
2019-05-23 12:00:00,13.3,74.13,1.7,0,0.63,281
2019-05-24 12:00:00,15.9,68.29,1.7,0,0.79,268.1
2019-05-25 12:00:00,16.6,66.5,3.3,0,0.54,280.3
2019-05-26 12:00:00,16.2,66.33,3.3,0,0.63,276.8
2019-05-27 12:00:00,15.3,84.13,3.4,0.012,0.84,113.6
2019-05-28 12:00:00,13.8,83.96,3,0.007,0.84,174.9
2019-05-29 12:00:00,13.4,72.58,3.1,0,0.55,223.3
2019-05-30 12:00:00,15,73.75,3.4,0,0.7,209.3
2019-05-31 12:00:00,19.2,70.71,2.4,0,0.65,237.1
2019-06-01 12:00:00,20,70.25,1.7,0,0.6,326.2
2019-06-02 12:00:00,22.1,63.17,2.8,0,0.38,326.3
2019-06-03 12:00:00,20.2,78,2.9,0.023,0.48,257.1
2019-06-04 12:00:00,22.4,65.42,2.5,0.001,0.39,302.8
2019-06-05 12:00:00,23.1,64.46,2.3,0.005,0.39,286.3
2019-06-06 12:00:00,13.8,85.29,4.6,0.003,0.76,112.5
2019-06-07 12:00:00,14.7,82,3.6,0.007,0.58,216.5
2019-06-08 12:00:00,15.5,61.54,6.8,0,0.5,234.2
2019-06-09 12:00:00,17.1,67.58,2.2,0,0.69,254.7
2019-06-10 12:00:00,18.3,78.21,3.4,0.012,0.86,153.3
2019-06-11 12:00:00,17.1,82.25,2.5,0,0.85,129.1
2019-06-12 12:00:00,15.5,87.21,3.5,0.005,0.69,182.1
2019-06-13 12:00:00,17.6,68.13,3.4,0,0.38,297.9
2019-06-14 12:00:00,17.7,80.75,2,0,0.66,152.2
2019-06-15 12:00:00,18.9,75.75,4,0.006,0.58,246.6
2019-06-16 12:00:00,17.6,79.04,2.7,0.001,0.64,194.6
2019-06-17 12:00:00,19.1,72.92,2.3,0,0.23,323.1
2019-06-18 12:00:00,22.2,70.88,2,0,0.6,283.7
2019-06-19 12:00:00,22.8,72.04,3.2,0.004,0.51,283.7
2019-06-20 12:00:00,19.5,83.29,4.1,0.005,0.75,211.7
2019-06-21 12:00:00,19.1,69.13,2.6,0,0.45,254.5
2019-06-22 12:00:00,18.6,74.33,3.8,0.003,0.6,230
2019-06-23 12:00:00,21.1,74.63,2.7,0,0.44,291.8
2019-06-24 12:00:00,23.3,71.5,2.9,0,0.53,337.2
2019-06-25 12:00:00,25.3,69.04,2.3,0,0.55,307
2019-06-26 12:00:00,27.9,62.92,2.2,0,0.09,324.9
2019-06-27 12:00:00,24.5,51.08,5.2,0,0.09,318.4
2019-06-28 12:00:00,20.4,58.79,4,0,0.03,341.9
2019-06-29 12:00:00,22.4,55.29,2.4,0,0.01,341.7
2019-06-30 12:00:00,27,53.5,3.8,0,0.14,328.6
2019-07-01 12:00:00,23.9,55.38,3.8,0,0.65,214.2
2019-07-02 12:00:00,19.5,53,3.2,0,0.21,311.6
2019-07-03 12:00:00,18.6,49.67,3.7,0,0.23,336.3
2019-07-04 12:00:00,18.4,51.38,2.6,0,0.29,329.3
2019-07-05 12:00:00,20.3,54.46,2.3,0,0.68,215.8
2019-07-06 12:00:00,23,47.54,4.4,0,0.53,244.7
2019-07-07 12:00:00,17.6,63.5,4.2,0.003,0.66,161.3
2019-07-08 12:00:00,14.7,62.5,3.2,0,0.48,267.9
2019-07-09 12:00:00,13.6,63.96,2.9,0,0.58,226.5
2019-07-10 12:00:00,16.6,55.46,2.4,0,0.7,320.3
2019-07-11 12:00:00,16.4,80.08,2.6,0.007,0.91,91.6
2019-07-12 12:00:00,16.1,92.63,3.1,0.017,0.74,125.1
2019-07-13 12:00:00,16.4,87.17,3.8,0.007,0.74,158.4
2019-07-14 12:00:00,16.4,74.75,3.5,0,0.85,98.8
2019-07-15 12:00:00,16.5,70.46,3.6,0,0.73,185.9
2019-07-16 12:00:00,16.5,69.13,2.3,0,0.44,291.3
2019-07-17 12:00:00,18.3,67.38,3.1,0,0.43,301.1
2019-07-18 12:00:00,19.6,68.38,2.6,0,0.83,212.5
2019-07-19 12:00:00,19.9,74.79,3.1,0,0.89,150.8
2019-07-20 12:00:00,23.4,62.71,3.7,0,0.69,243
2019-07-21 12:00:00,22.5,61.92,3.1,0,0.69,214.5
2019-07-22 12:00:00,22.1,61.63,1.8,0,0.58,309.5
2019-07-23 12:00:00,24.9,56.67,2.2,0,0.39,319.6
2019-07-24 12:00:00,27.2,54.04,2.3,0,0.2,310
2019-07-25 12:00:00,28.5,50.92,2.4,0,0.16,298.5
2019-07-26 12:00:00,28.7,45.21,2.7,0,0.58,228.3
2019-07-27 12:00:00,23,73.58,2.4,0.005,0.81,108.5
2019-07-28 12:00:00,20.5,85,3.6,0,0.88,108.6
2019-07-29 12:00:00,20.8,71.67,3,0,0.63,185.9
2019-07-30 12:00:00,22.7,63.33,3.5,0,0.4,238
2019-07-31 12:00:00,20.5,57.83,4.8,0,0.5,213.2
2019-08-01 12:00:00,19.3,58.79,2.5,0,0.51,259.1
2019-08-02 12:00:00,18.4,75.5,1.9,0.003,0.75,145.9
2019-08-03 12:00:00,18.3,78.42,3.5,0,0.59,185.5
2019-08-04 12:00:00,19.8,66.96,2,0,0.45,254.9
2019-08-05 12:00:00,21.1,66.67,2.9,0.001,0.88,172.9
2019-08-06 12:00:00,19.9,81.21,2.2,0.013,0.83,94.3
2019-08-07 12:00:00,19,86.83,3.2,0,0.84,111.4
2019-08-08 12:00:00,20.6,70.83,3.4,0,0.56,232.7
2019-08-09 12:00:00,21.3,78.83,1.9,0.008,0.71,126
2019-08-10 12:00:00,21,72.21,5.6,0,0.59,154.8
2019-08-11 12:00:00,19,69.54,3.5,0.002,0.65,194
2019-08-12 12:00:00,17,77.08,3.4,0.004,0.55,212.6
2019-08-13 12:00:00,16.5,67.58,3.9,0,0.66,187.4
2019-08-14 12:00:00,16.7,68.04,2.3,0,0.58,199.6
2019-08-15 12:00:00,17.3,78.75,4,0.004,0.86,96.4
2019-08-16 12:00:00,17.6,73.58,3.3,0,0.64,217.3
2019-08-17 12:00:00,17.9,80.54,3.2,0.003,0.95,75.6
2019-08-18 12:00:00,21.3,79.67,5,0.012,0.79,143.9
2019-08-19 12:00:00,18.6,71.96,3,0,0.56,198.4
2019-08-20 12:00:00,15.6,78.29,1.7,0,0.84,72.3
2019-08-21 12:00:00,16.3,70.25,1.5,0,0.35,216.6
2019-08-22 12:00:00,17.3,67.08,2.1,0,0.14,266.1
2019-08-23 12:00:00,18.9,63.71,2.2,0,0.05,264.7
2019-08-24 12:00:00,20.6,65.54,2.2,0,0.16,261.8
2019-08-25 12:00:00,22.3,69.33,1.8,0,0.19,230.8
2019-08-26 12:00:00,23.4,68.17,1.6,0,0.13,214.2
2019-08-27 12:00:00,23.6,69.67,1.7,0,0.28,233.5
2019-08-28 12:00:00,23.5,65,2.6,0,0.73,177.1
2019-08-29 12:00:00,22.7,70.46,NA,0,0.51,182.5
2019-08-30 12:00:00,21.4,68,NA,0,0.2,214.7
2019-08-31 12:00:00,23.6,58.63,2.9,0.001,0.14,240.4
2019-09-01 12:00:00,19.5,70.33,3.7,0,0.78,154.4
2019-09-02 12:00:00,14.3,65.83,2.5,0,0.28,229.4
2019-09-03 12:00:00,15.2,61.5,2.6,0,0.21,230.9
2019-09-04 12:00:00,17.7,63.54,3.3,0,0.29,217
2019-09-05 12:00:00,16.1,66.21,4.1,0,0.69,153.3
2019-09-06 12:00:00,12.4,68.13,2.2,0,0.45,215.8
2019-09-07 12:00:00,11.6,86,1.7,0.014,0.94,61.9
2019-09-08 12:00:00,12.7,92.08,2.3,0.007,0.98,61.7
2019-09-09 12:00:00,12,91.38,2.4,0.001,0.8,86.3
2019-09-10 12:00:00,11.9,78.13,1.6,0,0.25,170.2
2019-09-11 12:00:00,14.3,68.04,2.6,0,0.44,168.6
2019-09-12 12:00:00,18.5,70.63,3.2,0,0.58,127.4
2019-09-13 12:00:00,17.3,80.25,2.6,0,0.5,92.4
2019-09-14 12:00:00,16.1,74.58,3.4,0,0.29,212.5
2019-09-15 12:00:00,16.1,74.75,2.1,0,0.4,214.5
2019-09-16 12:00:00,15.6,74.92,2.1,0,0.78,63.7
2019-09-17 12:00:00,15.5,64.29,4,0,0.65,168.4
2019-09-18 12:00:00,10.2,68.92,3,0,0.21,195.5
2019-09-19 12:00:00,9.3,69.13,4.2,0,0.36,201.2
2019-09-20 12:00:00,9.6,68.88,2.6,0,0.44,195.7
2019-09-21 12:00:00,12.1,64.54,3.7,0,0.01,202.1
2019-09-22 12:00:00,15.5,68.38,2,0.007,0.58,162.7
2019-09-23 12:00:00,14.7,89.13,3.1,0.008,0.79,82.4
2019-09-24 12:00:00,13.5,87.38,1.8,0.005,0.86,69.2
2019-09-25 12:00:00,14.7,89.46,4.3,0.006,0.85,88.2
2019-09-26 12:00:00,15.5,91.54,3.7,0.003,0.89,50
2019-09-27 12:00:00,14.7,92.21,3.8,0.014,0.78,68.4
2019-09-28 12:00:00,14.8,80.67,4.9,0,0.73,78.1
2019-09-29 12:00:00,16.2,74.71,5.7,0.011,0.84,77.2
2019-09-30 12:00:00,14.5,76.83,6.4,0,0.78,62.6
2019-10-01 12:00:00,14.9,85.75,4.3,0.012,0.86,49.9
2019-10-02 12:00:00,11.7,80.25,4.7,0,0.68,72
2019-10-03 12:00:00,9.3,84.13,3.6,0.001,0.83,59
2019-10-04 12:00:00,9.8,92.67,3.1,0.007,0.91,45.3
2019-10-05 12:00:00,9.9,86.63,3.8,0,0.75,55.1
2019-10-06 12:00:00,8,92.04,4.5,0.018,0.98,43.9
2019-10-07 12:00:00,9.7,91.75,2.3,0.001,0.95,43.3
2019-10-08 12:00:00,12,95.04,4.2,0.024,0.95,42.7
2019-10-09 12:00:00,11.1,91.58,4.6,0.011,0.73,64.9
2019-10-10 12:00:00,11.3,83.5,5,0,0.71,85.7
2019-10-11 12:00:00,13,83.17,3,0,0.74,46.8
2019-10-12 12:00:00,16.5,74.5,3.4,0,0.4,113.1
2019-10-13 12:00:00,18.8,73.5,2.6,0,0.31,129.8
2019-10-14 12:00:00,17.1,75.88,2,0,0.31,146.5
2019-10-15 12:00:00,14.6,86.67,2.9,0.005,0.79,65.8
2019-10-16 12:00:00,13,82,3.7,0.001,0.84,52.1
2019-10-17 12:00:00,14.7,79.92,3.8,0.005,0.93,44.3
2019-10-18 12:00:00,13.3,84.83,4.2,0.001,0.79,65.5
2019-10-19 12:00:00,13.1,85.38,2.7,0.004,0.96,37.5
2019-10-20 12:00:00,14.3,93.25,2.1,0,0.93,42.6
2019-10-21 12:00:00,14.7,85.71,2.6,0,0.86,45
2019-10-22 12:00:00,12,86.17,1.7,0,0.7,93
2019-10-23 12:00:00,11.3,92.75,3.7,0,0.79,34.1
2019-10-24 12:00:00,13.7,87.42,2.2,0,0.85,59.7
2019-10-25 12:00:00,12.5,82.04,3.3,0,0.75,101.8
2019-10-26 12:00:00,12.6,81.92,2.2,0,0.78,83.9
2019-10-27 12:00:00,11.4,83.33,2.3,0.002,0.88,35.9
2019-10-28 12:00:00,4.6,95.17,2,0,0.76,35.2
2019-10-29 12:00:00,5.6,89.88,3.8,0,0.66,39.3
2019-10-30 12:00:00,4.2,81.13,4.3,0,0.48,69.5
2019-10-31 12:00:00,3,79.25,3.9,0,0.08,112
2019-11-01 12:00:00,7.1,92.42,3,0.006,0.9,29.6
2019-11-02 12:00:00,13.3,86.88,5.1,0.005,0.93,36.9
2019-11-03 12:00:00,12.2,85.25,3.6,0.002,0.91,32.4
2019-11-04 12:00:00,9.9,92.75,4.4,0.016,0.85,40.5
2019-11-05 12:00:00,8.3,86.58,3.1,0.003,0.64,70.1
2019-11-06 12:00:00,8.5,91.83,3,0.001,0.88,29
2019-11-07 12:00:00,8,87.54,3.8,0.002,0.83,39.2
2019-11-08 12:00:00,5.3,95.88,2.2,0.009,0.98,26.5
2019-11-09 12:00:00,4.6,92.25,2.7,0,0.61,68
2019-11-10 12:00:00,1.8,95.29,2.5,0,0.91,25.6
2019-11-11 12:00:00,2.6,92,2.5,0.003,0.99,25.2
2019-11-12 12:00:00,4.9,88.25,3.8,0.002,0.75,29.4
2019-11-13 12:00:00,3.8,90.04,2.9,0,0.84,24.9
2019-11-14 12:00:00,3.9,81.63,4.1,0,0.79,69.3
2019-11-15 12:00:00,3.8,83.79,3.7,0,0.94,29.6
2019-11-16 12:00:00,2.3,92.08,1.6,0,0.48,52
2019-11-17 12:00:00,3.7,95.58,3.5,0.001,1,23
2019-11-18 12:00:00,4,90.13,3.9,0.001,1,22.7
2019-11-19 12:00:00,3.7,91.17,2,0,0.76,27.7
2019-11-20 12:00:00,1.2,91.92,2.5,0,0.73,39.2
2019-11-21 12:00:00,2.1,90.38,1.9,0,0.85,25.5
2019-11-22 12:00:00,2.9,89.21,3.4,0,0.89,21.4
2019-11-23 12:00:00,5.8,82.13,5.6,0,0.86,37.5
2019-11-24 12:00:00,2.9,93.5,1.5,0,0.85,34.8
2019-11-25 12:00:00,4.2,96.5,1.1,0.001,0.98,20.6
2019-11-26 12:00:00,7.9,91.21,1.6,0,0.95,20.6
2019-11-27 12:00:00,9.5,83.29,4.3,0.004,0.9,20.7
2019-11-28 12:00:00,9.7,83.21,7.1,0.006,0.85,23
2019-11-29 12:00:00,6.1,86.58,3.5,0.002,0.8,23
2019-11-30 12:00:00,1.9,87.92,2.3,0,0.41,67
2019-12-01 12:00:00,0.7,82.5,4,0,0.95,19.1
2019-12-02 12:00:00,0.8,85.71,2.5,0,0.56,46.6
2019-12-03 12:00:00,2.5,92.13,1.6,0,0.86,18.7
2019-12-04 12:00:00,-0.1,88.25,2.8,0,0.35,58.3
2019-12-05 12:00:00,-2.7,95.88,2.2,0,0.71,18.4
2019-12-06 12:00:00,2,91.38,4.5,0.009,1,18.2
2019-12-07 12:00:00,7.7,89.92,5,0.001,0.9,18.2
2019-12-08 12:00:00,8.7,84.04,6.8,0.004,0.94,17.9
2019-12-09 12:00:00,6.5,85.75,5.7,0.005,0.81,21.6
2019-12-10 12:00:00,2,85.92,3.4,0,0.41,56.6
2019-12-11 12:00:00,2.3,83.04,2.3,0.01,0.98,17.6
2019-12-12 12:00:00,2.9,91.88,3,0.001,0.79,20.7
2019-12-13 12:00:00,3.5,89.63,3.9,0.011,0.91,17.4
2019-12-14 12:00:00,6.4,78.58,7.4,0.008,0.78,30.9
2019-12-15 12:00:00,8.4,87.33,4.5,0.003,0.91,17.2
2019-12-16 12:00:00,8.3,87.88,1.1,0,0.89,17.5
2019-12-17 12:00:00,9.7,77.71,1.4,0,0.86,29.7
2019-12-18 12:00:00,8.6,85.25,2.6,0,0.64,31.3
2019-12-19 12:00:00,2.7,95.88,2,0,0.46,37.8
2019-12-20 12:00:00,4.1,95.79,3.4,0.008,0.81,17
2019-12-21 12:00:00,5,88.92,2.5,0.002,0.54,54.1
2019-12-22 12:00:00,7.6,83.29,3.7,0.001,0.93,17.1
2019-12-23 12:00:00,7.2,83.33,4.6,0.001,0.73,25.2
2019-12-24 12:00:00,6.7,86.71,5,0.004,0.76,17.4
2019-12-25 12:00:00,6.8,86.63,4,0,0.7,19.3
2019-12-26 12:00:00,4.3,90.58,1.5,0.001,0.88,27.4
2019-12-27 12:00:00,3.8,91.67,3.4,0,0.86,17.2
2019-12-28 12:00:00,-1,87.46,2.5,0,0.8,49.9
2019-12-29 12:00:00,-1.9,84.54,2.9,0,0.55,61.7
2019-12-30 12:00:00,-2,87.13,1.5,0,0.58,61.5
2019-12-31 12:00:00,-0.5,90.63,2.4,0,0.91,17.6
2020-01-01 12:00:00,-0.7,89.58,2.8,0,0.23,63.6
2020-01-02 12:00:00,-0.4,96.67,1.7,0,0.96,17.9
2020-01-03 12:00:00,6.2,86.92,4.3,0.001,0.94,18
2020-01-04 12:00:00,4,83.92,4.4,0,0.81,18.2
2020-01-05 12:00:00,5,89.21,1.9,0.001,0.9,18.3
2020-01-06 12:00:00,-0.3,96.08,1.8,0,0.9,18.5
2020-01-07 12:00:00,3.7,91.38,2.7,0.001,0.73,37.3
2020-01-08 12:00:00,5.9,89.38,3.3,0.005,0.98,18.9
2020-01-09 12:00:00,10,88.33,3.2,0.007,0.99,19.1
2020-01-10 12:00:00,7.8,86.83,4.4,0.003,0.8,38.3
2020-01-11 12:00:00,1.8,88.04,1.7,0,0.6,43.5
2020-01-12 12:00:00,2.8,84.96,3.9,0,0.81,19.7
2020-01-13 12:00:00,5.5,85.42,3.1,0,0.89,20
2020-01-14 12:00:00,9.3,58.21,4.4,0,0.88,20.6
2020-01-15 12:00:00,10.9,57.58,3.7,0,0.68,69.2
2020-01-16 12:00:00,7.8,78.75,1.7,0,0.34,73.3
2020-01-17 12:00:00,4.5,84.38,1.8,0,0.51,38.4
2020-01-18 12:00:00,3.9,82.38,3.5,0,0.73,39.2
2020-01-19 12:00:00,2.7,84.79,2.7,0,0.79,26.3
2020-01-20 12:00:00,0.5,85.21,2.7,0,0.34,66.7
2020-01-21 12:00:00,-2.3,85.67,1.9,0,0.13,84
2020-01-22 12:00:00,-3.7,93.54,1.5,0,0.65,22.6
2020-01-23 12:00:00,0.7,85.71,2.7,0,0.84,37.5
2020-01-24 12:00:00,0.2,86.58,1.8,0,1,23.3
2020-01-25 12:00:00,0.8,94.33,1.1,0,1,23.6
2020-01-26 12:00:00,1.1,96.67,1.5,0,1,24
2020-01-27 12:00:00,5.3,91.58,3.7,0.013,1,24.4
2020-01-28 12:00:00,4.5,85.96,6.8,0.006,0.79,27
2020-01-29 12:00:00,3.7,81.46,5.2,0,0.79,28.7
2020-01-30 12:00:00,6.7,80.08,4.9,0,0.86,37.3
2020-01-31 12:00:00,11.8,83.21,6.1,0,0.84,29.5
2020-02-01 12:00:00,10.6,89.29,6.2,0.016,0.88,26.4
2020-02-02 12:00:00,9.5,86.21,5.4,0.005,0.85,26.8
2020-02-03 12:00:00,9.6,82.79,5.8,0.023,0.94,35.5
2020-02-04 12:00:00,4.6,83.96,5.1,0.001,0.8,63.2
2020-02-05 12:00:00,2.1,78.13,2.9,0,0.26,106.4
2020-02-06 12:00:00,-0.6,85.58,1.3,0,0.53,35.5
2020-02-07 12:00:00,0.5,81.21,3.7,0,0.06,109.5
2020-02-08 12:00:00,1.2,83.13,1.3,0,0.69,51.8
2020-02-09 12:00:00,8.4,69.17,6.1,0.008,0.89,50.1
2020-02-10 12:00:00,8.5,72.63,10.5,0.003,0.81,59.2
2020-02-11 12:00:00,5,66.04,9.2,0.001,0.54,79.3
2020-02-12 12:00:00,3.2,81,6.7,0.001,0.64,67.6
2020-02-13 12:00:00,4.3,83.54,3.1,0.008,0.85,31.9
2020-02-14 12:00:00,6.4,81.38,3.8,0,0.83,41.6
2020-02-15 12:00:00,7.2,75.33,2.3,0,0.78,95.1
2020-02-16 12:00:00,14.4,46.92,7,0.001,0.9,48.5
2020-02-17 12:00:00,8.3,81.92,5.1,0.005,0.91,38.8
2020-02-18 12:00:00,6.8,70.92,6.8,0.001,0.85,39.9
2020-02-19 12:00:00,5.7,69.75,5.8,0,0.74,57.3
2020-02-20 12:00:00,7.3,71.83,5.9,0.002,0.94,38.5
2020-02-21 12:00:00,5.4,68.79,5.9,0,0.63,84.2
2020-02-22 12:00:00,7.7,64,6.7,0,0.66,79.6
2020-02-23 12:00:00,10.1,80.33,9,0.004,0.96,37.3
2020-02-24 12:00:00,7.7,80.08,4.6,0.006,0.91,37.8
2020-02-25 12:00:00,7.7,85.21,6.8,0.005,0.83,73.8
2020-02-26 12:00:00,3.3,81.25,6.9,0.001,0.84,62.8
2020-02-27 12:00:00,2.1,87.79,5.1,0.013,0.9,39.5
2020-02-28 12:00:00,4.2,71.92,4.9,0.001,0.73,120.4
2020-02-29 12:00:00,9.3,71.38,5,0.004,0.85,65
2020-03-01 12:00:00,8.2,70.58,5.9,0.009,0.86,76
2020-03-02 12:00:00,6,81.38,4,0.007,0.88,88.7
2020-03-03 12:00:00,4.3,82,4,0,0.56,110
2020-03-04 12:00:00,4.7,79.58,3.4,0,0.79,75.2
2020-03-05 12:00:00,5.9,86.38,3,0.012,0.96,43.7
2020-03-06 12:00:00,5.6,87.88,5.6,0.018,0.9,44.3
2020-03-07 12:00:00,5.5,72.42,4.1,0,0.73,78.7
2020-03-08 12:00:00,8.1,66.29,4.6,0.002,0.91,69.8
2020-03-09 12:00:00,7.6,78.67,4.3,0.005,0.66,108.3
2020-03-10 12:00:00,7.3,90.46,6.1,0.008,0.98,46.7
2020-03-11 12:00:00,12.8,80.29,7.5,0,0.86,47.4
2020-03-12 12:00:00,10.6,71.54,7.2,0.001,0.75,52
2020-03-13 12:00:00,6.8,65.08,5.9,0,0.65,77.2
2020-03-14 12:00:00,4.4,79.71,2,0,0.59,91.7
2020-03-15 12:00:00,6.7,68.96,2.5,0,0.75,183
2020-03-16 12:00:00,9.2,68.13,1.5,0,0.7,180.9
2020-03-17 12:00:00,10.8,73.67,2,0,0.63,111.3
2020-03-18 12:00:00,8.9,78.71,1.5,0,0.5,126.6
2020-03-19 12:00:00,10.6,67.21,2,0,0.34,192.7
2020-03-20 12:00:00,11.3,68.21,5.8,0.002,0.73,139.4
2020-03-21 12:00:00,5.2,71.17,8.6,0.001,0.88,58.5
2020-03-22 12:00:00,4,43.67,7.4,0,0,206.2
2020-03-23 12:00:00,2,45.67,5.3,0,0,207.5
2020-03-24 12:00:00,1.4,48.83,4.9,0,0.03,209.8
2020-03-25 12:00:00,3.9,35.88,5.6,0,0.04,211.5
2020-03-26 12:00:00,5.8,44.08,5.8,0,0.24,185.8
2020-03-27 12:00:00,8.9,52.71,5.1,0,0.06,208.3
2020-03-28 12:00:00,10.7,51.96,5.4,0,0.05,207.9
2020-03-29 12:00:00,4.9,62.25,6.9,0,0.64,85.6
2020-03-30 12:00:00,2.7,48.21,4.4,0,0.28,219.7
2020-03-31 12:00:00,4.2,55.08,4.9,0,0.35,204
2020-04-01 12:00:00,2.5,53.42,2.2,0,0.13,228.7
2020-04-02 12:00:00,5,54.38,2.2,0,0.11,227.4
2020-04-03 12:00:00,7.2,60.29,3.6,0,0.68,92.6
2020-04-04 12:00:00,6.6,61.13,2,0,0.11,232.4
2020-04-05 12:00:00,10.6,51.08,4.9,0,0.01,235.7
2020-04-06 12:00:00,11.6,55.08,2.6,0,0.01,237.8
2020-04-07 12:00:00,13.6,55.21,3,0,0.21,229.3
2020-04-08 12:00:00,14.1,56.96,2.6,0,0.06,237.4
2020-04-09 12:00:00,15.6,51.46,2.3,0,0.38,195.3
2020-04-10 12:00:00,15.6,49.67,4.4,0,0.33,245.5
2020-04-11 12:00:00,13.2,48.42,3,0,0.21,248.5
2020-04-12 12:00:00,14.3,55.04,2.2,0,0.46,174.1
2020-04-13 12:00:00,8.3,68.29,3.7,0.002,0.5,121.9
2020-04-14 12:00:00,3.9,61.25,3.1,0,0.25,213.3
2020-04-15 12:00:00,7.8,57.17,2.3,0,0.66,234.6
2020-04-16 12:00:00,12.5,58.08,2.5,0,0.35,252.7
2020-04-17 12:00:00,15.1,61.42,1.8,0,0.39,214.6
2020-04-18 12:00:00,15.4,70.96,2.9,0.002,0.66,144.9
2020-04-19 12:00:00,12.9,69.25,4.7,0,0.33,188.4
2020-04-20 12:00:00,13.5,35,8.3,0,0.06,269.2
2020-04-21 12:00:00,15,31.75,8.4,0,0.11,271.9
2020-04-22 12:00:00,14.7,37.17,6.4,0,0,274.5
2020-04-23 12:00:00,13.4,50.46,3.2,0,0.1,274.5
2020-04-24 12:00:00,13.7,56,3.3,0,0.58,238.9
2020-04-25 12:00:00,10.2,60.17,3.9,0,0.11,274.7
2020-04-26 12:00:00,11.6,58.29,2.6,0,0.1,280.1
2020-04-27 12:00:00,13.2,58.04,2.5,0,0.26,265.7
2020-04-28 12:00:00,12.9,72.21,3.3,0,0.73,115.4
2020-04-29 12:00:00,14.7,63.38,4.7,0.003,0.73,162.5
2020-04-30 12:00:00,11.7,85.92,5,0.008,0.89,98.2
2020-05-01 12:00:00,10.1,85.21,4.7,0.011,0.78,130.8
2020-05-02 12:00:00,8.9,80.88,4.6,0.001,0.48,202.7
2020-05-03 12:00:00,11.2,71.96,2.1,0,0.68,200.7
2020-05-04 12:00:00,11.6,81.83,2.9,0.007,0.73,115.6
2020-05-05 12:00:00,8.8,65.92,5.1,0,0.5,274.7
2020-05-06 12:00:00,9.4,61.29,3.1,0,0.23,300.7
2020-05-07 12:00:00,12.1,62.63,1.6,0,0.34,296.2
2020-05-08 12:00:00,15.2,61.33,2,0,0.75,238.8
2020-05-09 12:00:00,14.3,71.92,3.2,0,0.9,83.4
2020-05-10 12:00:00,16.6,78.96,2.4,0.029,0.73,160.7
2020-05-11 12:00:00,6.1,93.54,6.6,0.016,0.88,91.4
2020-05-12 12:00:00,6.9,70.42,2.3,0,0.35,272.8
2020-05-13 12:00:00,9.6,62.88,3.3,0,0.7,206.8
2020-05-14 12:00:00,10.3,61.42,6.4,0,0.33,273.5
2020-05-15 12:00:00,11.1,56.33,4.5,0,0.2,289.1
2020-05-16 12:00:00,11.4,59.92,2.3,0,0.19,300.5
2020-05-17 12:00:00,11.6,64.83,2.5,0,0.2,299.6
2020-05-18 12:00:00,14.7,63,2.2,0,0.33,311.9
2020-05-19 12:00:00,17.3,58.25,2.7,0,0.19,313.3
2020-05-20 12:00:00,18,63.5,2.9,0,0.45,237.5
2020-05-21 12:00:00,17.7,67.46,2.6,0,0.29,316.5
2020-05-22 12:00:00,19.2,71.71,2.9,0,0.91,125.3
2020-05-23 12:00:00,13.3,80.42,4.2,0.003,0.83,98.7
2020-05-24 12:00:00,13.8,67.17,4.6,0,0.65,168.8
2020-05-25 12:00:00,15.2,67.63,4.7,0,0.54,198.5
2020-05-26 12:00:00,12.9,68.79,3.2,0,0.44,272.6
2020-05-27 12:00:00,15.3,62.71,2.1,0,0.36,308.6
2020-05-28 12:00:00,16.6,50.92,6.3,0,0.29,317.3
2020-05-29 12:00:00,14,57.83,4.4,0,0.2,316.7
2020-05-30 12:00:00,14.3,53.58,6.3,0,0.36,322
2020-05-31 12:00:00,14.6,57.29,4.8,0,0.61,291.5
2020-06-01 12:00:00,17.1,59.33,3.8,0,0.16,329.5
2020-06-02 12:00:00,18.8,58.13,2.7,0,0.63,318.2
2020-06-03 12:00:00,18.8,61.83,2.3,0,0.79,207.2
2020-06-04 12:00:00,14.7,87.58,2.5,0.013,0.94,90.7
2020-06-05 12:00:00,11.6,81.13,4.9,0.013,0.8,98.3
2020-06-06 12:00:00,13,82.88,4.2,0.003,0.71,172.6
2020-06-07 12:00:00,14.6,70.46,3.1,0,0.74,216.2
2020-06-08 12:00:00,13.9,70.71,2.2,0,0.61,202.8
2020-06-09 12:00:00,14,75.79,3.4,0,0.9,107.8
2020-06-10 12:00:00,15.3,77.71,4.3,0.002,0.94,122.7
2020-06-11 12:00:00,14.6,86.08,2.6,0,0.79,90.6
2020-06-12 12:00:00,19.5,71.33,4,0,0.2,320.7
2020-06-13 12:00:00,21.1,61.42,3.7,0.001,0.54,232.5
2020-06-14 12:00:00,17.7,80.17,3.8,0,0.88,109.9
2020-06-15 12:00:00,17.3,86,2.2,0.002,0.96,89.8
2020-06-16 12:00:00,16.9,88.42,1.6,0.001,0.94,124
2020-06-17 12:00:00,17.3,84.88,2.9,0.003,0.86,196.1
2020-06-18 12:00:00,17.8,72.83,3,0,0.63,237
2020-06-19 12:00:00,17.5,72.96,3.4,0,0.66,280.8
2020-06-20 12:00:00,18.4,68.79,2.8,0,0.6,217.4
2020-06-21 12:00:00,18.8,65.67,2.2,0,0.4,291.3
2020-06-22 12:00:00,19.4,69.92,3.1,0,0.49,238.3
2020-06-23 12:00:00,19.8,60.75,3.6,0,0.11,338
2020-06-24 12:00:00,20.6,55.71,4,0,0.21,337.1
2020-06-25 12:00:00,20.5,62.79,3.8,0,0.29,251
2020-06-26 12:00:00,21.8,64.38,3.8,0,0.35,285.3
2020-06-27 12:00:00,23,67.5,4.2,0.002,0.51,215.9
2020-06-28 12:00:00,18.6,76,4.6,0.002,0.83,111.9
2020-06-29 12:00:00,17.4,68.96,3.7,0.005,0.5,223.4
2020-06-30 12:00:00,17.8,62.38,4.7,0,0.51,181.4
2020-07-01 12:00:00,22.1,61.21,4.6,0.001,0.54,228.5
2020-07-02 12:00:00,20.2,67.08,4.3,0,0.7,197.7
2020-07-03 12:00:00,18.2,59.75,3.6,0,0.38,285.9
2020-07-04 12:00:00,20.1,55.67,5,0,0.79,204.3
2020-07-05 12:00:00,22.9,60.46,7.1,0,0.73,141.4
2020-07-06 12:00:00,17.4,55.25,5.7,0,0.5,216.4
2020-07-07 12:00:00,15.3,59.83,2.3,0,0.46,247.6
2020-07-08 12:00:00,15.6,79.33,2.1,0.002,0.96,88.2
2020-07-09 12:00:00,21.6,66.33,3.8,0,0.75,203.8
2020-07-10 12:00:00,20.5,60.71,4.8,0.001,0.88,98
2020-07-11 12:00:00,15.9,65.33,3.3,0,0.36,235.6
2020-07-12 12:00:00,16.5,58.21,3.6,0,0.3,291.1
2020-07-13 12:00:00,18.5,53.71,3,0,0.54,300.4
2020-07-14 12:00:00,19.7,55.67,2.9,0.007,0.66,221.4
2020-07-15 12:00:00,16.4,80.33,3,0.001,0.81,151.6
2020-07-16 12:00:00,15.3,88.75,2,0.004,0.98,86.4
2020-07-17 12:00:00,18,74.17,2.8,0,0.7,178.4
2020-07-18 12:00:00,19.9,63.17,2,0,0.74,209.4
2020-07-19 12:00:00,20.3,60.92,2.3,0,0.48,274.6
2020-07-20 12:00:00,20.8,59.71,3.2,0,0.46,255.3
2020-07-21 12:00:00,19.1,51.5,4.2,0,0.13,310.5
2020-07-22 12:00:00,18.4,52.17,3.2,0,0.31,316.9
2020-07-23 12:00:00,19.4,53.33,3.1,0,0.41,301.3
2020-07-24 12:00:00,21.1,52.75,3.4,0,0.71,189.1
2020-07-25 12:00:00,21.9,55.33,3.1,0.005,0.74,170.3
2020-07-26 12:00:00,20,70.04,4.4,0.001,0.76,177.9
2020-07-27 12:00:00,21.1,63.29,2.8,0,0.6,210.7
2020-07-28 12:00:00,22.6,51.25,4.9,0,0.59,195
2020-07-29 12:00:00,18.3,58.54,3.2,0,0.41,295.3
2020-07-30 12:00:00,20.4,53.54,3,0,0.2,307.5
2020-07-31 12:00:00,23.9,49.92,2.7,0,0.1,307.9
2020-08-01 12:00:00,23.8,59.83,2.6,0,0.55,199.8
2020-08-02 12:00:00,21.7,64.63,3.3,0,0.84,142.5
2020-08-03 12:00:00,18.5,68.79,3,0,0.88,106
2020-08-04 12:00:00,18.4,59.67,3.2,0,0.54,208
2020-08-05 12:00:00,19.3,58.79,2,0,0.16,294.9
2020-08-06 12:00:00,21.2,57.96,2.4,0,0.16,296.8
2020-08-07 12:00:00,24.3,54.42,2.8,0,0.04,293.5
2020-08-08 12:00:00,26.1,55.67,1.9,0,0.06,266.6
2020-08-09 12:00:00,25.8,55.88,2.7,0,0.34,232.5
2020-08-10 12:00:00,25.9,56.13,4.1,0,0.56,226.6
2020-08-11 12:00:00,26.2,56.79,4.5,0,0.59,202.3
2020-08-12 12:00:00,25.5,65.29,4.4,0.007,0.64,193.9
2020-08-13 12:00:00,20.8,90.29,2.3,0.003,0.89,75.4
2020-08-14 12:00:00,20.8,85.25,2.1,0,0.84,78.9
2020-08-15 12:00:00,21.7,79.54,2.3,0,0.63,135.9
2020-08-16 12:00:00,23.4,70.79,3.5,0.027,0.43,239.2
2020-08-17 12:00:00,20.1,84.58,2.8,0.001,0.81,116.9
2020-08-18 12:00:00,19.6,77.88,2.9,0.011,0.71,207.3
2020-08-19 12:00:00,19.8,74,1.7,0.002,0.56,228.9
2020-08-20 12:00:00,23.4,71.38,2.2,0,0.48,220.8
2020-08-21 12:00:00,24.8,64.79,3.6,0.007,0.55,166.2
2020-08-22 12:00:00,21.5,70.42,4.9,0,0.8,130.8
2020-08-23 12:00:00,20.1,58.33,4.3,0,0.6,170
2020-08-24 12:00:00,17.7,65.38,3.2,0,0.69,140.1
2020-08-25 12:00:00,18.1,63.88,2.4,0,0.74,125.8
2020-08-26 12:00:00,20.5,51.83,8.4,0,0.71,94.8
2020-08-27 12:00:00,16.8,67.83,2.4,0.001,0.54,189.3
2020-08-28 12:00:00,17.6,76.46,4.7,0.001,0.83,163.2
2020-08-29 12:00:00,16,78,3.2,0,0.74,117.2
2020-08-30 12:00:00,14.5,85.38,2.3,0.016,0.89,66.1
2020-08-31 12:00:00,15.4,86.42,2.6,0,0.86,81.7
2020-09-01 12:00:00,15.8,71.71,3.6,0,0.75,168
2020-09-02 12:00:00,14.7,73.5,1.4,0,0.5,195.4
2020-09-03 12:00:00,15.4,73.29,2.4,0,0.76,90.9
2020-09-04 12:00:00,21.1,58.96,3.2,0,0.79,124.1
2020-09-05 12:00:00,16.5,77.88,2.8,0,0.75,107.6
2020-09-06 12:00:00,14,67.92,1.8,0,0.73,169.3
2020-09-07 12:00:00,13.2,70.92,1.4,0,0.15,210.9
2020-09-08 12:00:00,15.2,67.33,1.9,0,0.23,230.7
2020-09-09 12:00:00,17.7,69.33,2.4,0,0.3,195.8
2020-09-10 12:00:00,18.6,64.92,2.8,0,0.66,148
2020-09-11 12:00:00,17.2,65.88,1.7,0,0.16,209.7
2020-09-12 12:00:00,17.6,70.33,1.9,0,0.2,209.7
2020-09-13 12:00:00,18.2,73.38,1.6,0,0.75,213.3
2020-09-14 12:00:00,20.8,67.33,2.5,0,0.43,207.5
2020-09-15 12:00:00,20.3,69.46,1.8,0,0.23,212.2
2020-09-16 12:00:00,20.4,73.75,2.4,0,0.63,171.3
2020-09-17 12:00:00,17.1,62.71,5.9,0,0.28,187.1
2020-09-18 12:00:00,15.2,60.71,3.5,0,0.19,190
2020-09-19 12:00:00,14.7,61.63,2.5,0,0.25,199.9
2020-09-20 12:00:00,15,65.88,2.8,0,0.48,195.5
2020-09-21 12:00:00,15.7,67.96,1.9,0,0.08,198.2
2020-09-22 12:00:00,16.7,70.08,1.6,0.001,0.21,183.4
2020-09-23 12:00:00,18.3,68.79,3.7,0.001,0.61,141.9
2020-09-24 12:00:00,16.4,72.71,5,0.007,0.78,126.6
2020-09-25 12:00:00,11.2,83.38,4.8,0,0.86,53.5
2020-09-26 12:00:00,9.6,89.75,4.6,0.027,0.96,49.4
2020-09-27 12:00:00,9.7,89.54,2.8,0.001,0.9,50.6
2020-09-28 12:00:00,10,80.17,2.2,0,0.54,104.3
2020-09-29 12:00:00,11.6,91.88,2.2,0.001,0.96,47.5
2020-09-30 12:00:00,13,87.08,1.8,0,0.69,88.8
2020-10-01 12:00:00,12.2,90.29,2.3,0.003,0.78,60.9
2020-10-02 12:00:00,14.4,78.38,3.2,0,0.9,80.4
2020-10-03 12:00:00,11.7,89.17,3.5,0.004,0.71,58.3
2020-10-04 12:00:00,12.1,69.75,5.7,0,0.75,62.5
2020-10-05 12:00:00,11.3,83,4.9,0.008,0.89,54.8
2020-10-06 12:00:00,11.6,90.13,6.3,0.003,0.94,44
2020-10-07 12:00:00,12.5,80.5,5.6,0,0.81,56.8
2020-10-08 12:00:00,13,85.54,5.5,0.001,0.89,42.3
2020-10-09 12:00:00,13.8,91.88,4,0.006,0.96,41.5
2020-10-10 12:00:00,9.3,82.58,3.4,0,0.53,106.7
2020-10-11 12:00:00,8.7,77.67,2.7,0,0.66,108.3
2020-10-12 12:00:00,8.4,89.29,2.7,0,0.75,71.6
2020-10-13 12:00:00,6.5,90.17,1.6,0,0.69,77.8
2020-10-14 12:00:00,7.4,91.83,3.6,0.004,0.95,38.6
2020-10-15 12:00:00,8.4,91.92,5.4,0.001,0.98,38
2020-10-16 12:00:00,8.9,85.63,4.6,0,0.88,37.4
2020-10-17 12:00:00,7,89.17,1.8,0,0.8,41.9
2020-10-18 12:00:00,6.1,88.75,NA,0,0.81,36.3
2020-10-19 12:00:00,8.2,83.96,2,0,0.75,91.6
2020-10-20 12:00:00,8,87.54,1.7,0,0.81,57.8
2020-10-21 12:00:00,14.4,73.5,2.2,0,0.79,68.6
2020-10-22 12:00:00,16.7,70.04,3.8,0.001,0.74,79
2020-10-23 12:00:00,14.3,93.25,3.7,0.001,0.93,33.6
2020-10-24 12:00:00,13.4,80.33,4.2,0,0.64,46.1
2020-10-25 12:00:00,13,76.75,3.4,0.012,0.85,70.7
2020-10-26 12:00:00,9.7,94.46,3.9,0.002,0.89,33.7
2020-10-27 12:00:00,9.5,79.42,4.8,0.001,0.78,38.5
2020-10-28 12:00:00,11.4,81.08,5.3,0.004,0.89,48.4
2020-10-29 12:00:00,10.1,93.04,4.9,0.014,0.89,48.5
2020-10-30 12:00:00,12.6,92.04,5.2,0,0.95,30.1
2020-10-31 12:00:00,12.6,79.92,2.5,0.002,0.64,90.4
2020-11-01 12:00:00,13.8,93.58,4.5,0.003,0.99,29.1
2020-11-02 12:00:00,18,77.54,6.2,0.001,0.83,66.6
2020-11-03 12:00:00,11.5,78.38,3.7,0,0.85,37
2020-11-04 12:00:00,5.4,87.08,1.8,0,0.31,80.6
2020-11-05 12:00:00,2.5,89.96,1.8,0,0.09,104.5
2020-11-06 12:00:00,2.3,85.04,2,0,0.15,104
2020-11-07 12:00:00,4,88.13,2.2,0,0.1,91.6
2020-11-08 12:00:00,5,92.83,1.1,0,0.66,56.8
2020-11-09 12:00:00,7.7,92.38,1.6,0,0.39,76.9
2020-11-10 12:00:00,5.2,96.46,1.7,0,0.93,25.2
2020-11-11 12:00:00,6.9,97.71,1.2,0,1,24.9
2020-11-12 12:00:00,8.4,93.54,3,0,0.83,33.3
2020-11-13 12:00:00,8.6,90.83,1.5,0,0.98,24.1
2020-11-14 12:00:00,10.9,84.25,1.4,0,0.69,70
2020-11-15 12:00:00,13.5,71.25,3,0.006,0.81,68.5
2020-11-16 12:00:00,10.4,83.29,6,0.001,0.81,27.4
2020-11-17 12:00:00,10.2,82.04,4.3,0,0.85,28.6
2020-11-18 12:00:00,7.8,86.25,2.5,0,0.53,79.8
2020-11-19 12:00:00,8.9,82.13,4.4,0.006,0.69,43.8
2020-11-20 12:00:00,2.1,92.42,2.4,0,0.51,21.7
2020-11-21 12:00:00,0.6,86.5,1.9,0,0.78,42.5
2020-11-22 12:00:00,5,78.88,3.5,0,0.91,21.1
2020-11-23 12:00:00,6.2,92.92,2.2,0,0.93,20.8
2020-11-24 12:00:00,4.7,92.75,1.5,0,1,20.6
2020-11-25 12:00:00,2.5,94.88,1.8,0,0.9,21.7
2020-11-26 12:00:00,1.3,96.88,1.3,0,0.98,20
2020-11-27 12:00:00,1.9,93.88,1.4,0,0.45,47.2
2020-11-28 12:00:00,0.9,93.04,NA,0,0.84,33.7
2020-11-29 12:00:00,-0.1,78.75,2.7,0,0.56,38.6
2020-11-30 12:00:00,-2.4,87.63,2.8,0.008,0.31,69.5
2020-12-01 12:00:00,0.9,97.54,NA,0,1,18.9
2020-12-02 12:00:00,1.1,92.21,NA,0,1,18.7
2020-12-03 12:00:00,1.8,83.96,NA,0.002,0.96,20.4
2020-12-04 12:00:00,4.1,83.17,2.7,0.007,0.99,19.2
2020-12-05 12:00:00,2.8,93.96,2.1,0.001,0.96,20.1
2020-12-06 12:00:00,3.1,97.92,1.9,0.005,1,18.1
2020-12-07 12:00:00,3.3,96.38,2.6,0,0.91,20.3
2020-12-08 12:00:00,0.4,92.92,1.7,0,0.86,32.7
2020-12-09 12:00:00,1.3,92.21,1.5,0,0.93,23.3
2020-12-10 12:00:00,0.9,84.42,1.6,0,1,17.6
2020-12-11 12:00:00,2.1,87.25,1.8,0.001,0.95,19
2020-12-12 12:00:00,4.9,97.58,1.5,0.001,1,17.4
2020-12-13 12:00:00,5.6,96.88,NA,0.003,0.83,23.6
2020-12-14 12:00:00,4.4,90.54,1.3,0.002,0.84,27.1
2020-12-15 12:00:00,6.3,97.13,1.5,0.003,0.98,17.2
2020-12-16 12:00:00,6.3,97.04,1.7,0,0.83,21.8
2020-12-17 12:00:00,5,94.38,1.8,0,0.73,21.7
2020-12-18 12:00:00,2.3,99.5,1.6,0,0.96,17.1
2020-12-19 12:00:00,3.3,93.83,1.7,0.001,0.76,32.8
2020-12-20 12:00:00,5.2,96.63,1.6,0.003,0.99,17
2020-12-21 12:00:00,6.6,95.38,2.7,0.009,0.99,17.6
2020-12-22 12:00:00,11.7,94.13,6.2,0.01,0.94,17.2
2020-12-23 12:00:00,11.7,95.71,4.3,0.014,0.98,17.1
2020-12-24 12:00:00,6.5,88.21,4.7,0.013,0.85,23.5
2020-12-25 12:00:00,1.8,90.21,2.5,0,0.58,48
2020-12-26 12:00:00,0.8,89.21,3.9,0,0.83,23.2
2020-12-27 12:00:00,2.9,73.79,6.6,0.005,0.95,17.3
2020-12-28 12:00:00,3.9,93.04,3.1,0.002,0.9,17.4
2020-12-29 12:00:00,3.3,88.88,3.8,0.001,0.9,18.9
2020-12-30 12:00:00,3.4,92.75,3,0,0.78,22.5
2020-12-31 12:00:00,2.5,88.88,2.8,0.002,0.99,17.7
2021-01-01 12:00:00,2.2,95.58,1.4,0,0.93,17.7
2021-01-02 12:00:00,1.3,86.13,2.2,0,0.79,17.9
2021-01-03 12:00:00,1.1,89.54,3,0.002,0.99,18
2021-01-04 12:00:00,1,95.38,2.6,0,1,18.2
2021-01-05 12:00:00,1.5,91.25,4.2,0.001,0.98,18.3
2021-01-06 12:00:00,1.9,92.08,3.3,0,0.98,18.5
2021-01-07 12:00:00,1.3,88.83,3.4,0.002,0.98,18.7
2021-01-08 12:00:00,0.6,97.63,3.7,0.003,0.91,18.9
2021-01-09 12:00:00,-0.5,92.17,1.8,0,0.76,40.2
2021-01-10 12:00:00,-2.6,88.17,1,0,0.36,62.8
2021-01-11 12:00:00,-2.8,82.67,3.1,0.004,0.56,60
2021-01-12 12:00:00,0.5,94.25,6.2,0.008,0.79,19.7
2021-01-13 12:00:00,0.5,89.92,4.5,0,0.66,38.6
2021-01-14 12:00:00,0.5,80.88,2.7,0,0.85,20.2
2021-01-15 12:00:00,-1.5,85.58,2.9,0,0.84,32.3
2021-01-16 12:00:00,-1.2,79.08,2.3,0.002,0.95,20.8
2021-01-17 12:00:00,-0.6,94.63,2.4,0.001,1,21
2021-01-18 12:00:00,2.5,88.46,4.3,0,0.89,27.4
2021-01-19 12:00:00,2.4,83.67,6,0.004,0.88,21.6
2021-01-20 12:00:00,7.8,55.5,3.5,0,0.9,27
2021-01-21 12:00:00,9.3,67.25,6.8,0.002,0.91,22.4
2021-01-22 12:00:00,5.3,89,4.1,0.012,0.93,22.6
2021-01-23 12:00:00,3.1,91.33,2.6,0.005,0.98,22.9
2021-01-24 12:00:00,1.4,87,5.5,0,0.94,28
2021-01-25 12:00:00,0.4,92.04,2,0.001,0.9,23.6
2021-01-26 12:00:00,1.6,83.46,5.5,0,0.88,24
2021-01-27 12:00:00,0.9,92.04,4,0.002,0.96,24.4
2021-01-28 12:00:00,6.2,95.88,3.9,0.018,0.94,24.7
2021-01-29 12:00:00,8.8,85.79,7,0.002,0.9,28.8
2021-01-30 12:00:00,3.4,92.75,5.1,0.009,0.95,25.5
2021-01-31 12:00:00,0.4,91.63,3.1,0.002,0.96,25.9
2021-02-01 12:00:00,3.3,97.25,2.2,0.002,0.99,26.4
2021-02-02 12:00:00,7.5,95.17,2.9,0.004,0.96,26.8
2021-02-03 12:00:00,10.1,91.96,5.5,0.015,0.93,29.2
2021-02-04 12:00:00,6.7,83.13,4.1,0,0.66,86.5
2021-02-05 12:00:00,5.7,96.04,1.6,0.006,0.98,28.1
2021-02-06 12:00:00,5.1,96.38,3.9,0.009,1,28.5
2021-02-07 12:00:00,2.1,95.29,4.4,0.003,1,29
2021-02-08 12:00:00,-4.5,87.29,5.1,0.001,1,29.5
2021-02-09 12:00:00,-7.6,73.29,3.7,0,0.79,29.9
2021-02-10 12:00:00,-8.5,75.21,4.6,0,0.63,94.3
2021-02-11 12:00:00,-6.2,82.63,1.7,0,0.46,88.8
2021-02-12 12:00:00,-6.6,73.63,3.5,0,0.34,119.9
2021-02-13 12:00:00,-6.3,71.67,2.9,0,0.03,123.4
2021-02-14 12:00:00,-4.8,70.83,2.6,0,0.39,115.5
2021-02-15 12:00:00,-0.8,71.54,1.9,0.002,0.94,32.9
2021-02-16 12:00:00,5.8,79.25,1.5,0.002,0.88,62.9
2021-02-17 12:00:00,7.4,85.08,4.2,0,0.65,43.1
2021-02-18 12:00:00,4.3,87.88,1.5,0,0.79,47
2021-02-19 12:00:00,5.9,82.17,2.8,0,0.65,109.1
2021-02-20 12:00:00,7.4,80.67,1.7,0,0.59,125.5
2021-02-21 12:00:00,7.3,78.25,1.6,0,0.11,137.2
2021-02-22 12:00:00,5.5,83.88,2.1,0,0.5,123.3
2021-02-23 12:00:00,8.9,79.04,2.2,0,0.3,126.9
2021-02-24 12:00:00,9.7,78.04,1.6,0,0.11,128.3
2021-02-25 12:00:00,8.8,73.46,1.6,0,0.1,138.2
2021-02-26 12:00:00,5.7,83.92,1.9,0,0.6,39
2021-02-27 12:00:00,4.1,79.63,3.6,0,0.25,148.3
2021-02-28 12:00:00,4,71.79,2.8,0,0.15,152
2021-03-01 12:00:00,3.8,76,2.9,0,0,155.2
2021-03-02 12:00:00,5.7,74.58,1.9,0,0.01,157.5
2021-03-03 12:00:00,6.3,75.17,1.8,0,0.68,101.6
2021-03-04 12:00:00,9.3,70.33,3.2,0.004,0.75,87.9
2021-03-05 12:00:00,2.8,78.5,3.5,0,0.61,86.8
2021-03-06 12:00:00,-0.3,68.71,2.2,0,0.2,167
2021-03-07 12:00:00,0.9,62.71,2.5,0,0.1,169.4
2021-03-08 12:00:00,1.1,75.29,1.3,0,0.56,75.6
2021-03-09 12:00:00,3.4,78.54,2.7,0,0.93,73.3
2021-03-10 12:00:00,7,70.71,3.6,0,0.91,51.9
2021-03-11 12:00:00,9.2,74.42,8.2,0.003,0.88,65.4
2021-03-12 12:00:00,6.8,70.54,8.8,0.003,0.74,79.4
2021-03-13 12:00:00,6.5,81.96,8.5,0.004,0.89,75
2021-03-14 12:00:00,4.6,83.5,5.2,0.005,0.73,85.1
2021-03-15 12:00:00,5.3,82.08,5,0.002,0.73,105.4
2021-03-16 12:00:00,5.4,76.83,4,0.001,0.75,67.1
2021-03-17 12:00:00,3.3,82.54,2.5,0.001,0.74,62.3
2021-03-18 12:00:00,2.1,79.42,1.3,0.001,0.66,93
2021-03-19 12:00:00,2.5,76.58,3.9,0,0.56,114.9
2021-03-20 12:00:00,2.2,55.83,2.4,0,0.75,169.7
2021-03-21 12:00:00,5.5,62.38,3.8,0,0.89,85.5
2021-03-22 12:00:00,5.4,73.5,3,0,0.89,53.8
2021-03-23 12:00:00,5.4,75.63,2.3,0,0.75,62.4
2021-03-24 12:00:00,5.6,72.17,1.4,0,0.15,200.8
2021-03-25 12:00:00,8.2,68.46,3,0,0.71,169.6
2021-03-26 12:00:00,11.5,62.96,3.2,0,0.69,136.3
2021-03-27 12:00:00,7.9,67.42,7.3,0.001,0.63,110.8
2021-03-28 12:00:00,10.6,57.38,3.8,0,0.8,142
2021-03-29 12:00:00,13.1,49.96,2.9,0,0.48,211
2021-03-30 12:00:00,12.3,55.13,1.7,0,0.11,219
2021-03-31 12:00:00,13.5,56.54,1.9,0,0.09,217
2021-04-01 12:00:00,14.6,56.58,3.2,0,0.34,190.7
2021-04-02 12:00:00,8.1,61.88,4.4,0,0.5,125.3
2021-04-03 12:00:00,7.1,55.21,3.7,0,0.45,199.6
2021-04-04 12:00:00,4.7,68.63,2.1,0,0.16,179.3
2021-04-05 12:00:00,3,75.38,5.4,0.002,0.63,92.2
2021-04-06 12:00:00,2.3,65.33,6.1,0,0.69,140.3
2021-04-07 12:00:00,2.3,69.75,6.5,0.001,0.85,69.5
2021-04-08 12:00:00,3.5,60.88,3.3,0,0.63,144.5
2021-04-09 12:00:00,7.9,57.42,3,0.001,0.8,208.4
2021-04-10 12:00:00,10.6,75.88,1.9,0.002,0.98,65.3
2021-04-11 12:00:00,8.3,84.67,3.4,0.008,0.89,83.6
2021-04-12 12:00:00,3.8,78.33,3.1,0,0.65,129.3
2021-04-13 12:00:00,2.6,70.17,2,0,0.39,167.7
2021-04-14 12:00:00,2.6,68.33,2.8,0,0.56,176.8
2021-04-15 12:00:00,3.5,65.08,3.8,0,0.41,186.4
2021-04-16 12:00:00,4.5,69.21,3.1,0,0.88,81.1
2021-04-17 12:00:00,6.5,63.58,3.5,0,0.83,157
2021-04-18 12:00:00,8.1,75.79,2,0.002,0.88,98.8
2021-04-19 12:00:00,8.3,85.04,1.8,0,0.75,101.1
2021-04-20 12:00:00,8.6,73.42,1.6,0,0.23,215.5
2021-04-21 12:00:00,10.1,67.5,2.2,0,0.39,197.5
2021-04-22 12:00:00,8.8,54.29,4.1,0,0.55,260.3
2021-04-23 12:00:00,7.4,60.13,2.4,0,0.15,272.8
2021-04-24 12:00:00,9.3,56.46,4.5,0,0.69,273.5
2021-04-25 12:00:00,8.9,50.54,5,0,0.28,276.4
2021-04-26 12:00:00,8.8,43.25,4.1,0,0.29,279.5
2021-04-27 12:00:00,9.6,43.75,3.1,0,0.33,279.8
2021-04-28 12:00:00,11.7,59.96,3.1,0.006,0.45,221.1
2021-04-29 12:00:00,11.2,73.08,5.9,0.001,0.63,212.5
2021-04-30 12:00:00,6.4,71.29,2.3,0,0.79,106.9
2021-05-01 12:00:00,9.8,63.04,2.7,0,0.94,163
2021-05-02 12:00:00,8.8,55.33,4.3,0,0.54,195.8
2021-05-03 12:00:00,8.1,59.58,3.6,0,0.49,232.9
2021-05-04 12:00:00,10.3,65.25,9,0.002,0.83,95.2
2021-05-05 12:00:00,7.6,73.25,6.7,0.002,0.68,186.1
2021-05-06 12:00:00,6.9,86.29,3.2,0.007,0.89,90.8
2021-05-07 12:00:00,7.1,74.33,4,0.001,0.41,246.9
2021-05-08 12:00:00,9.4,63.25,2.6,0,0.6,239
2021-05-09 12:00:00,18,60,3.1,0,0.74,262.7
2021-05-10 12:00:00,16,76.92,3.3,0.003,0.86,86.7
2021-05-11 12:00:00,13.5,93.21,2.6,0.004,0.93,88.2
2021-05-12 12:00:00,12.3,86.67,2.6,0.001,0.85,122
2021-05-13 12:00:00,12.6,73.08,3.1,0,0.61,224.6
2021-05-14 12:00:00,13.2,69.71,3.8,0.001,0.73,160
2021-05-15 12:00:00,11.3,81.71,4.9,0.012,0.81,136.6
2021-05-16 12:00:00,12,82.08,4.4,0.01,0.79,146.5
2021-05-17 12:00:00,11.3,89.54,4.8,0.009,0.78,147.5
2021-05-18 12:00:00,11.7,80.67,4,0.001,0.71,163.1
2021-05-19 12:00:00,11.5,75.63,4.2,0.003,0.74,204.7
2021-05-20 12:00:00,12.8,71.88,3.8,0,0.81,179.8
2021-05-21 12:00:00,14.2,62.54,7.7,0.01,0.79,183.7
2021-05-22 12:00:00,11.8,72.71,7.7,0.001,0.73,179.9
2021-05-23 12:00:00,12.1,70.29,5,0,0.54,199.6
2021-05-24 12:00:00,11.6,76.25,3.5,0.003,0.58,215.6
2021-05-25 12:00:00,9.8,78.46,6.9,0.002,0.81,109
2021-05-26 12:00:00,9.5,92.54,4.4,0.014,0.79,116.5
2021-05-27 12:00:00,10.3,90,4.5,0.004,0.8,96.6
2021-05-28 12:00:00,12.5,75.63,2.1,0,0.8,188.7
2021-05-29 12:00:00,13.9,60.96,3.5,0,0.24,313.1
2021-05-30 12:00:00,14.2,64.08,3.7,0,0.19,309.3
2021-05-31 12:00:00,14.4,61.29,2.5,0,0.1,331.6
